4.5903,43.8160,33.2679
3.9490,44.7881,32.6817
7.7869,54.9508,8.1209
14.9037,55.3322,0.4161
17.2718,34.5641,-7.0377
5.7464,36.7833,26.1555
5.3399,40.8431,24.5453
2.9475,45.8368,21.7752
6.4561,45.9000,17.5992
4.6267,50.3163,11.2940
6.1989,46.8275,8.9571
7.4835,50.2448,5.5745
7.9934,48.1092,4.1515
9.8542,48.4992,2.9244
14.3359,50.7611,3.2067
10.8136,41.2753,2.3496
15.8958,49.2288,0.8017
10.1192,42.5463,-0.7326
19.2560,49.5139,-1.3360
16.7504,46.3708,-2.7618
13.9003,43.5950,-3.7784
11.8236,40.5401,-4.5688
15.4510,36.8806,-4.0879
13.7038,51.5569,-1.6442
12.8605,42.1918,-6.9680
12.4645,50.2524,-4.8190
13.7224,53.0635,-5.7827
18.7671,46.9396,-8.4463
22.1016,49.5856,-6.3671
6.4068,22.2351,40.6667
7.6402,0.4251,48.1885
5.6864,-22.4278,61.0470
6.1383,-33.1520,32.3422
3.3504,40.9173,32.7468
8.0999,16.3501,39.6537
6.0176,-5.1830,50.4819
2.5037,32.2346,32.7985
8.7298,9.1861,41.3298
6.4508,-11.7840,52.9119
1.9752,24.0464,37.7032
9.2636,1.3228,44.0444
3.8520,-20.8517,56.3917
4.7694,14.4326,41.1117
6.0863,-7.8222,47.3910
1.9933,27.7975,30.7853
7.7727,3.5696,41.9145
5.3748,-17.9781,51.1674
2.1521,15.2237,39.2263
7.2777,-7.4623,44.1547
2.9254,27.1410,28.6283
6.8709,1.5898,41.2844
5.4337,-20.4002,49.0010
1.9349,11.2553,38.5319
6.9081,-11.7697,43.3608
2.3230,21.1288,29.8210
8.8755,-4.3263,39.8608
5.4436,25.7863,28.2262
5.9684,-1.9044,40.0468
5.4477,-24.8664,45.9881
4.2244,-1.1897,39.9088
5.4954,-24.0867,44.1622
4.1515,-2.7197,39.3506
5.4497,-26.0741,43.3349
6.0877,-6.5630,38.2072
3.6122,12.5746,30.3574
9.6138,-14.2949,36.1846
2.0784,-2.7223,35.8304
5.2823,-27.8145,39.4501
9.6472,-17.6368,34.4931
4.2264,-10.4865,35.8914
1.7816,-3.6319,31.8698
5.5840,-30.6213,35.8975
6.5963,-28.2090,33.5034
7.9206,-27.3241,31.9118
8.5514,-27.7584,30.7444
7.8565,-30.8153,30.1986
3.5045,-10.7164,27.1746
4.4218,-22.1124,28.8066
9.4684,-29.7929,25.4562
5.0814,-27.2347,25.7815
4.2836,-28.9653,23.6856
7.6806,-36.2357,20.2105
3.9935,-36.0115,13.5259
5.0091,47.0324,45.6670
8.6476,49.1072,64.7916
16.5270,38.3890,70.5051
5.8023,23.6872,74.1177
9.7086,-0.3619,70.0289
10.2933,42.1259,35.5991
7.1754,47.0833,54.2692
13.4740,46.8764,71.8683
6.4402,43.4692,40.6154
9.9553,47.9265,58.4476
17.3385,41.7054,70.9487
6.2434,43.1066,47.9324
11.4973,45.9280,64.4326
6.2654,38.5629,36.8219
11.6410,46.0520,52.3883
12.7412,42.9549,71.7224
6.2698,40.0648,45.4151
12.8441,44.6741,60.1008
4.1154,35.2383,36.2903
13.9416,44.1768,49.5086
11.5006,41.3398,69.8221
8.8777,38.0339,44.2931
12.7589,42.3959,59.7482
3.1292,33.3310,39.6447
15.2264,42.1085,50.7018
8.9452,41.1699,72.3328
14.5943,38.5785,42.6786
9.4962,41.5754,63.2514
9.1173,33.3908,41.8865
11.0793,39.9547,56.1277
3.2134,29.4065,41.8131
13.5670,38.1347,50.1878
4.9706,40.3708,72.9492
15.5472,35.9006,44.7578
4.0833,42.2049,66.2290
15.8926,33.3151,40.4618
3.6950,40.5118,61.3941
14.8515,30.8150,37.9956
3.5122,38.5891,58.0522
13.7301,28.6413,37.1984
3.3104,36.7226,56.1206
13.3386,26.9783,37.0856
3.2204,34.8512,55.6858
13.6869,25.7894,37.4909
3.7766,33.0949,56.6718
14.0364,25.0396,38.9688
4.3352,31.4723,58.7949
13.1135,24.7103,41.6679
3.6334,29.6735,62.2084
10.1914,24.7056,45.3769
3.0263,27.7263,67.8253
5.1939,25.1404,49.0365
11.2151,17.3807,38.7465
5.8392,25.0351,56.4286
11.3338,19.1094,43.7815
5.2664,23.5720,65.3180
4.6172,20.7044,50.4160
11.4706,14.5928,41.7564
6.3371,21.3169,61.5772
5.5584,17.2817,49.5734
10.6994,12.0209,42.8046
5.1834,19.0465,62.8288
3.8767,15.3667,52.9918
8.9530,11.0797,47.0642
4.5819,15.8820,68.9424
4.0120,14.3644,61.4230
4.3814,11.2664,55.5831
5.6148,8.2881,51.1143
7.6583,5.7880,48.3159
7.1159,11.2936,69.9486
6.8779,9.9383,67.4319
7.1839,8.6353,66.0171
7.5348,7.4171,65.8437
8.2169,6.3982,66.7068
9.7063,5.6568,68.2990
6.7331,-1.9998,54.3060
5.5023,-1.2712,60.7372
5.9061,0.7242,69.4173
5.2266,-4.7913,60.3984
5.4407,-7.9684,57.2060
4.3376,-9.8811,60.4768
3.9715,-13.7420,61.5577
20.0516,34.8347,70.8698
28.4281,28.3050,51.3419
40.1282,13.6455,47.6987
40.5652,0.9966,48.2924
24.3349,-5.9686,52.4778
13.4843,-19.5642,59.6866
22.3163,31.2516,64.5026
36.9056,21.9795,53.8286
51.1260,7.6954,47.3507
23.3701,30.6347,55.2894
37.7197,15.3751,53.2622
17.5840,30.6925,74.3739
27.6596,25.3045,54.7670
43.5558,11.3782,51.6539
18.8034,32.0314,62.2066
37.8343,20.9442,58.3373
14.5999,35.2737,74.3672
23.3124,25.9302,55.8394
41.6877,10.6478,55.8642
15.9419,32.7417,63.5482
35.9890,22.1087,61.9302
46.0845,2.7884,48.7631
23.1819,25.1748,59.3677
41.0866,6.1124,56.9519
14.3472,31.5407,59.9553
38.1461,16.5229,64.3644
11.4792,34.5633,70.2829
28.3097,23.8908,65.0408
40.3300,4.9745,49.0631
20.2893,25.2023,63.0857
35.7441,6.9041,57.5488
13.7228,28.6565,62.7976
33.2189,11.2180,63.7981
9.7699,33.6587,64.4024
31.2893,15.4636,68.1631
8.1401,36.4931,68.4274
28.0311,19.2292,70.7845
36.5027,3.8003,46.9190
24.9988,20.7676,71.1588
34.1336,5.8012,47.2884
23.0923,20.8018,71.5188
32.3559,6.8926,47.9652
22.2270,19.7162,72.1190
31.1854,7.1189,47.7829
22.0551,17.3503,71.8966
30.6087,6.0636,47.3267
22.3783,15.1458,69.6862
30.8603,3.5954,48.9836
23.1236,14.0707,65.9253
7.6934,27.8983,73.8543
23.6571,13.4033,60.4666
12.8396,21.3535,74.9764
24.1209,10.9929,52.9110
17.0377,15.6157,70.0386
25.9928,4.9527,49.0159
20.2760,12.6579,63.0028
10.5471,18.5817,74.8146
22.7978,8.0983,53.4648
16.9168,13.3088,66.2715
27.7046,-1.3389,53.8950
22.1099,6.9751,56.6071
16.2988,11.7956,65.9885
8.1264,15.8406,73.1618
22.0745,3.1538,55.8213
19.5117,7.1350,63.2947
14.1592,10.8905,68.7831
24.3545,-4.4454,52.9607
21.5725,-0.8793,56.9267
21.1750,1.4884,61.9682
20.1423,3.2482,65.7807
17.9454,4.1475,67.7968
16.2877,4.3498,68.9249
15.4994,3.7076,69.3909
15.5872,2.2683,69.2254
16.4725,0.0047,68.4485
18.0611,-3.2916,67.0270
19.9381,-7.9296,63.9891
19.8588,-12.9756,57.5108
15.1858,-6.8886,64.9155
10.3926,-4.3057,67.7429
17.6842,-16.6545,60.8315
11.4726,-12.2671,63.2442
8.7642,-16.3031,63.4304
29.2214,43.8427,58.1178
35.5999,44.1695,43.8014
47.5848,49.1150,47.9409
50.5708,16.0779,42.0521
49.3561,31.0186,39.1400
19.4727,40.0256,63.4174
35.0087,44.6029,54.4821
40.8646,43.8130,41.8194
22.8423,40.0502,58.9206
35.4334,43.4554,49.5382
44.5650,44.9817,45.5572
28.0078,41.0830,55.8562
36.5801,41.5155,44.5529
18.8567,36.8538,67.0332
33.6287,41.7894,53.4942
41.6593,41.2175,42.8240
25.0094,38.1202,59.3093
34.9728,40.4811,46.4643
47.5317,42.8539,46.8494
32.1790,39.4714,54.2098
40.4769,39.1543,42.7702
25.9370,37.4310,61.9424
35.2203,38.8761,45.9393
48.6748,40.8840,46.3791
34.2345,38.2687,53.8365
42.6205,37.8646,42.5735
29.8644,37.5491,60.7733
36.8165,36.5271,42.6556
25.3582,35.4967,68.8409
37.0655,37.0756,48.7294
48.3374,37.4140,44.3359
36.6400,37.1055,55.4118
43.5734,35.3651,40.9899
34.4558,37.4003,60.8756
39.7610,33.6745,40.4113
32.2727,36.7500,65.8945
39.1248,33.4074,43.3580
30.4535,33.4116,69.7497
40.1087,33.5179,46.4927
28.2086,30.8616,68.3665
41.3240,33.4456,48.8222
27.2763,31.0452,66.3017
42.3966,33.0790,50.0226
27.7016,31.2508,64.9233
43.3540,32.2855,50.0261
29.4205,31.4453,63.9903
44.1023,30.9917,48.8439
32.4206,31.5263,63.4201
44.5253,29.2994,46.5674
36.5535,30.2129,63.4293
44.9934,27.9770,43.1765
42.7712,28.8096,63.2802
46.4769,27.4750,39.0679
47.8824,28.4368,56.4710
31.8956,31.0539,57.6652
48.1704,26.3669,48.8971
40.9205,26.7439,59.2897
48.4788,25.7977,40.5572
49.9336,23.9826,55.2071
38.6929,28.4148,55.6603
50.2192,24.6593,43.7288
49.9081,20.2058,56.0835
40.6040,26.2385,53.6386
30.7955,27.8739,50.3761
53.2879,19.8136,51.6878
44.9384,19.3385,53.2355
40.0129,24.9420,49.6763
34.8304,26.5677,48.7260
55.5762,18.5525,47.1218
50.8413,16.3146,48.3984
47.1359,17.9629,47.6294
44.8761,18.8843,46.2555
43.6837,19.4912,44.6380
43.6475,19.8153,43.1049
44.8564,19.4889,41.7624
47.2825,17.9926,40.6235
34.2439,17.7270,45.2119
36.8181,19.3227,37.3545
37.0928,15.2216,47.2274
39.5177,16.9598,34.6582
40.3225,15.0208,35.2781
43.8774,13.8711,40.6497
49.4377,51.0633,42.2192
45.6573,54.5928,22.0936
57.2369,53.8362,6.4990
52.8320,47.0984,41.6352
51.3021,40.1445,29.1648
36.8733,32.3733,20.3306
55.8841,36.0831,-3.2247
65.7185,23.2025,4.0592
34.1720,28.9773,14.6268
50.9813,57.1055,28.6386
49.6766,52.9573,10.4987
59.9072,48.4300,-5.9165
48.6518,55.0119,23.2575
54.8444,51.7438,6.6664
50.5975,51.7149,36.4535
46.5218,51.8982,17.1909
60.6945,48.3161,2.7706
53.3515,56.2790,28.3790
48.5524,50.3257,9.4461
51.5609,48.2306,41.6342
50.2414,53.1333,20.3780
55.7981,47.6692,3.8908
53.5203,53.5043,30.2439
47.8970,48.6853,10.9112
62.3379,41.1158,-2.0087
52.1387,52.8307,19.7081
54.2954,45.4506,2.8561
54.9916,53.6209,27.9183
48.6861,46.6473,8.6136
54.4368,48.8127,36.9848
52.2500,49.8171,15.6726
55.3286,41.1340,-0.3591
56.0531,53.8902,20.8444
50.0041,43.2418,3.1016
56.9329,52.1770,27.4702
49.9621,43.9031,7.9958
57.2781,49.2646,33.1476
53.4550,46.1910,11.7054
57.3439,46.0398,37.3378
56.4543,48.5240,14.6029
50.6483,37.1310,-2.2480
58.6160,50.0622,16.4259
48.7591,37.4466,-0.7871
60.1535,50.5507,17.9697
48.5321,36.8631,0.6000
60.8962,49.9488,18.7346
49.0082,35.9595,1.1580
61.5096,48.8552,18.4452
49.1686,34.6923,0.7801
62.1615,47.3832,17.0038
48.5657,32.7872,-0.4515
62.5716,45.2212,14.3063
56.4026,42.3271,32.4249
62.2559,41.8745,10.7071
55.8628,44.1708,27.9877
60.6117,37.0473,6.8158
57.3759,44.1825,22.3387
56.7455,31.7934,2.5881
62.1376,40.8538,17.0197
52.8282,42.9180,28.6790
64.2841,35.1606,7.9148
56.0319,41.9190,20.0340
57.3688,27.3039,0.7173
64.8265,34.4480,12.7376
53.8326,41.1089,20.0189
49.9129,40.7196,28.2221
64.7736,30.8242,11.8026
55.0157,37.5605,16.2294
48.7410,41.3910,22.3729
65.4853,24.6168,4.0626
60.9981,28.3306,11.4753
54.6261,33.3339,12.7730
49.9199,36.7510,14.7914
46.5677,38.8985,16.9790
44.4814,39.7165,18.5370
43.2124,39.7230,18.9950
42.3806,39.4816,18.1677
41.9512,38.9142,16.0141
42.2528,37.0091,12.8596
44.1124,33.0509,9.4058
47.7947,27.2997,6.6080
37.9402,36.4169,13.0656
37.4170,34.1676,19.0259
40.9354,30.5686,9.8115
33.4389,32.2628,18.2630
32.2301,28.3311,18.9068
36.0064,20.3981,3.0142
41.6133,9.3120,-12.1871
35.9932,-7.3653,-25.2040
53.3595,-27.6850,7.1580
41.4040,-3.2609,9.1046
38.6437,-49.5663,4.6571
42.9703,-32.2391,-15.4016
30.9527,-14.2076,-12.6086
34.6052,21.4829,11.5261
38.1322,13.5050,-6.2672
41.3475,-1.2403,-20.2730
36.3511,18.1314,7.1663
38.3894,9.7161,-8.7631
37.4262,-3.1412,-21.7764
39.0574,14.1555,2.4518
38.9217,5.6991,-12.4436
36.3350,16.5762,15.6383
38.2969,9.5194,-3.0908
38.6276,0.6991,-15.8826
40.4012,12.4748,8.9335
37.6862,4.5241,-6.6452
35.7453,13.8599,18.3313
40.6451,6.7740,0.5044
38.5336,-0.6077,-11.9747
36.6241,9.9489,9.5682
38.3711,0.9565,-4.8742
35.6098,10.9540,16.6822
40.5806,3.0723,1.4631
37.5466,-4.1803,-11.9911
38.4013,5.4869,8.4783
39.5105,-4.4020,-6.4977
35.7091,6.1240,14.2773
40.1423,-4.4210,-0.9585
38.0042,6.7060,16.5582
37.7790,-2.8397,3.7866
35.8761,-9.1701,-11.7394
35.4608,-1.8832,7.9000
38.4464,-11.9627,-8.1279
33.7831,-1.4527,11.2153
38.7358,-13.7857,-4.0987
33.8354,-1.9751,13.1646
36.8777,-14.8451,-1.3230
34.9086,-2.8403,13.2640
35.2909,-16.0661,0.4589
35.6209,-4.0431,12.5630
34.3169,-17.7939,1.4324
35.7265,-5.9809,11.8916
33.6672,-20.1859,1.4010
35.1267,-8.6778,11.6064
32.3396,-22.8359,-0.1484
33.5490,-12.1259,11.4700
29.1513,-24.1462,-2.9780
31.3639,-16.7174,11.7172
28.6249,-24.1248,-7.2795
29.4659,-22.3896,9.8235
40.0617,-11.6536,5.7170
29.1564,-28.0891,3.8213
35.7776,-17.8118,9.0324
31.9348,-27.3158,-5.3086
32.0544,-25.7822,8.1690
40.6364,-17.0740,5.4144
33.5237,-29.4628,-1.2750
35.6187,-25.2144,6.7283
42.9822,-18.8039,5.8926
37.2205,-28.9905,-2.7307
37.6945,-27.6747,3.5147
42.9439,-22.6195,6.2794
43.8933,-24.8868,-8.7704
40.6899,-30.3156,-3.3458
42.0071,-28.6290,0.3698
45.0683,-25.6473,2.3305
48.0640,-24.0711,5.1578
45.1717,-30.2289,-14.9124
47.9035,-31.7608,-12.7022
48.4966,-33.3702,-11.3743
48.7576,-35.0494,-11.5524
47.7770,-36.9838,-12.9330
45.0582,-38.7252,-15.2865
51.2563,-33.2749,4.0123
48.5806,-38.1928,-0.0001
44.2981,-41.8598,-7.0826
45.4528,-40.2719,1.6851
43.9873,-39.6606,4.7059
41.8260,-42.7708,3.4855
40.0701,-44.9366,4.7262
20.8471,48.4686,63.8065
19.8981,64.1339,55.0359
23.4948,81.7734,27.2514
5.8256,57.9740,28.7310
15.1612,75.6796,28.8457
13.1086,91.1654,24.9671
22.6414,75.1791,36.3273
19.6216,61.6587,60.3475
18.7242,42.9623,66.3604
19.7197,69.0327,45.0544
20.3268,56.4525,62.6749
19.2278,86.4522,26.1023
17.8125,66.0717,53.1031
19.1309,51.3689,64.0746
22.2768,78.7343,37.6500
17.0384,62.8258,60.9553
14.0891,89.8970,24.3124
17.2294,68.7182,49.4434
18.1009,54.3230,61.8580
21.6232,83.7185,35.7363
15.1004,64.8883,59.5438
16.7015,47.1982,69.1128
15.9986,69.9891,49.9485
16.2808,54.5983,61.8016
21.0859,81.7775,40.7911
13.5528,62.8810,60.7786
12.4409,87.3568,30.5329
12.6984,69.0317,53.8165
13.5935,53.0092,66.3210
16.0031,73.9066,48.7537
14.0167,56.4193,60.2052
18.6965,81.8976,43.1551
11.7150,61.7735,59.4587
13.2464,86.3895,36.7445
9.8174,66.4499,56.9740
7.9338,87.2168,33.8856
9.1983,70.0966,53.4888
9.5680,52.8359,67.8149
9.3471,72.5272,50.5522
9.1357,54.6928,64.9035
9.8028,73.7504,48.5873
8.7615,55.4222,63.1464
9.6603,74.0394,47.5439
8.0387,55.5067,62.5530
8.6174,73.8584,47.5237
6.9273,54.8371,63.0418
6.8021,72.6636,48.7246
6.1150,52.2315,64.1645
5.9867,69.2078,50.3934
10.3655,80.4007,33.5537
6.2356,64.2297,52.1189
15.3614,75.5816,35.9147
7.5187,58.8627,53.7776
9.1851,71.9970,42.0637
5.1829,54.0811,58.6481
4.9592,67.7552,47.6354
15.2341,73.9720,33.3286
6.8583,58.1211,51.7751
4.9734,72.1797,42.3681
6.0740,49.1650,58.4124
6.7416,58.9651,49.1285
4.1658,71.7294,40.9666
15.1880,70.5084,31.0999
6.4675,56.1143,49.4420
4.6620,64.1628,43.5218
7.0385,70.3933,36.5256
4.5339,48.1979,53.8729
6.8675,53.6980,48.2671
6.4152,57.1909,43.9078
4.6967,61.0749,40.9140
3.5627,64.6180,38.3613
2.6605,66.8762,35.9756
2.4722,67.0936,34.6193
2.9788,65.0234,34.7197
4.2062,61.1073,35.5664
6.7146,56.2444,36.7240
10.6768,51.9283,38.8687
8.6501,47.3513,41.9772
9.7000,53.8528,34.3632
6.0223,58.0224,29.7829
11.9895,45.4123,37.2630
11.4994,49.6883,31.4403
8.6580,47.5028,31.7687
30.7347,82.2708,25.5406
39.9388,68.5161,43.5597
48.3521,51.2231,45.9378
29.9683,80.7666,33.2965
42.4622,64.1403,46.1289
22.5093,84.7378,18.3475
31.8645,76.8410,40.9828
43.9865,57.9873,47.1707
29.1920,78.6494,20.6683
36.0930,69.9463,45.5534
45.1434,52.0602,46.8830
29.6422,76.5756,32.8837
40.0939,61.8510,47.4688
24.7256,80.2100,19.7228
32.1987,71.8727,44.2546
42.4219,53.7141,45.8092
29.5406,74.0452,29.9219
38.1071,61.8624,46.5516
24.8051,79.2855,22.2516
31.8632,69.8819,44.3458
41.4015,52.1032,44.4795
28.9109,71.3641,33.6945
38.0016,58.3380,44.5534
26.7884,72.6095,25.1390
34.1686,64.3625,45.4572
42.4665,47.3436,44.2990
29.9385,68.2884,42.0334
38.8654,51.6832,42.2273
27.9075,68.0113,35.6201
36.4227,55.4974,42.1816
26.3432,67.2979,30.9481
34.5770,58.5907,42.8222
24.3134,70.1872,31.1538
32.8865,60.8223,43.8477
23.4859,73.2899,32.9635
31.3540,62.1016,44.5560
39.5461,45.3419,40.7311
30.3105,62.6030,44.9266
38.2090,45.7434,39.8232
29.8187,62.2950,45.4000
37.4224,45.4315,39.5712
29.8380,61.1852,45.9509
37.3532,44.5063,40.0924
29.9822,59.1798,45.8875
21.0812,67.3157,40.9457
29.7521,56.4483,44.6790
21.8272,64.3612,43.4083
29.4756,52.6752,42.9274
24.6043,63.4741,47.1797
31.1985,48.5272,42.2662
27.7031,60.6257,49.8151
34.9760,44.9021,43.6240
28.3236,54.4816,47.2980
24.1376,63.2270,50.5186
31.9396,48.6828,46.0453
27.1287,57.1837,50.5792
22.4935,63.5025,51.8732
31.8196,49.8585,48.8345
27.0181,56.4836,52.1928
23.2124,62.3944,54.0558
34.0490,48.5232,50.6572
30.1081,53.2819,53.2469
25.8441,57.4832,55.0273
22.4696,61.2833,56.2516
35.8037,47.3452,53.4849
34.0921,50.6072,55.6178
32.3218,52.8509,57.2716
30.8026,54.3857,58.4607
29.8403,55.1777,59.5537
29.6291,55.1721,60.6215
30.1955,54.3000,61.6202
31.2370,52.1974,62.6466
31.9198,48.7254,62.6945
31.2396,45.4847,59.8506
25.9631,52.2602,63.8686
28.5326,45.8036,62.4322
25.6904,48.0807,64.0060
24.1290,47.2126,63.5019
22.9632,42.8044,60.3686
19.6654,42.2874,63.7550
31.0784,86.7972,3.9503
42.3765,68.8960,2.1771
22.3803,92.2039,18.5183
37.3171,84.8844,5.3475
47.2895,64.8216,1.2444
26.7614,92.6805,12.6003
45.3309,80.3172,6.0331
54.2151,60.3684,-1.9556
30.3982,86.5229,7.6247
42.0672,71.5647,5.2754
23.3127,88.0852,18.6167
38.7103,82.0393,8.5283
48.2169,64.6193,3.1638
30.9559,89.5438,11.9693
44.9937,74.6653,8.4584
58.4156,56.3545,-1.2164
37.4465,80.6868,10.2549
46.4834,64.7615,5.1675
32.8197,88.5618,14.0016
45.1050,73.2231,10.2979
59.8287,55.7554,0.6854
40.9775,78.6818,12.9187
50.1738,63.7635,5.2472
36.5585,84.3008,14.6421
43.2690,67.8475,9.5927
31.4703,86.4869,19.1628
45.4268,73.1647,14.1736
58.4386,57.8429,4.5325
42.7376,76.6506,16.4260
52.2496,62.8797,6.9271
40.0476,79.9616,18.5153
47.0562,64.0202,9.6018
38.7124,83.7464,21.0152
43.9273,65.4955,12.1984
36.0810,85.8361,23.8320
42.8330,66.9665,14.4644
33.6766,86.1102,26.0373
42.5256,67.7012,16.1157
32.5962,85.6077,27.7206
42.3806,67.5991,17.1604
32.8538,85.3023,29.3424
42.5218,66.7654,17.4716
34.6760,84.1876,30.4723
43.4028,65.3797,16.9016
37.5446,81.1932,30.2498
45.6268,63.6930,15.7897
40.4097,77.0495,28.8411
48.3935,60.8592,14.6206
43.1946,72.4988,26.4676
49.6993,56.7292,12.4770
45.1076,67.5044,22.8291
37.3323,78.2695,34.9519
45.7265,61.8378,18.3574
45.2561,72.1091,29.3594
47.0607,55.5241,13.8639
45.2580,63.9988,22.8693
43.7742,72.4936,32.8857
45.0984,56.0043,16.1526
44.7629,63.2157,24.1404
44.3934,69.4794,32.2366
37.2177,73.4289,40.6992
43.1605,58.9070,22.1005
44.3229,63.9226,28.2298
43.4408,67.5527,33.9765
40.5158,69.6870,39.4516
43.8413,55.2439,21.6915
43.5179,57.3945,25.0211
43.8061,59.0391,27.6963
44.2115,59.9251,29.5370
44.7126,60.0551,30.5426
45.4659,59.5251,30.6911
46.5114,58.4371,30.0188
47.8830,57.1664,28.4372
45.4479,62.5826,41.8942
48.2354,60.0172,36.6501
46.0274,60.5339,45.0290
51.0688,58.0912,36.0308
51.1774,56.3497,37.1670
49.3993,54.2536,41.1592
53.1320,6.7890,42.1975
56.6786,3.1585,18.7900
49.6486,14.0761,15.2062
53.2400,46.1521,42.3766
51.4645,38.9029,28.7344
37.2407,30.8406,20.8058
57.0987,43.0214,39.9165
48.4641,35.3483,24.9232
35.4796,25.4499,19.2843
57.3087,39.1187,34.3260
45.2251,32.5095,19.3283
53.3240,43.2656,45.6106
54.4509,36.2680,27.6453
40.4311,27.3104,20.4548
58.2304,38.3036,38.7117
49.8746,31.7958,21.0956
51.4020,41.6190,47.2392
57.3813,35.1901,28.4378
43.4563,25.9549,20.1166
58.8907,36.0260,39.2356
51.6689,29.8898,19.3647
52.7334,38.3937,46.0885
58.5624,32.7450,25.5420
44.0297,22.6607,18.5028
60.9846,33.0958,34.3493
49.5709,25.5746,18.9312
57.0325,33.0806,41.9713
56.4193,28.0146,19.0190
52.2287,35.6256,44.4809
61.8292,29.7449,23.3940
46.8651,19.0469,16.0616
62.9074,28.7561,29.4998
49.5998,20.7437,18.1557
60.6241,28.1111,34.1724
52.2330,21.6847,19.3118
58.1463,28.3751,36.5656
54.6390,22.1513,20.0875
56.2923,28.6742,37.4618
56.3316,22.0402,20.8936
55.2677,28.5445,37.3919
57.1769,21.3476,21.5839
54.9733,27.8127,36.6731
57.5645,20.1224,21.7596
55.2872,26.5016,35.4838
57.9866,18.5972,20.9445
56.0029,24.8276,33.6934
58.9899,17.2431,18.4075
56.8943,22.7132,31.4621
59.3148,14.8441,14.7559
58.3548,19.7933,29.1554
49.8897,26.4829,36.7923
60.9739,16.3776,25.4153
53.7678,22.0729,34.4381
64.2104,14.0416,16.8646
58.2822,17.0656,31.0941
51.4124,23.3714,37.9565
64.2852,12.3168,22.7707
57.4724,16.5609,33.3622
52.0967,22.5614,39.8935
64.4691,8.7734,22.3874
60.2637,13.2494,33.6293
55.3955,18.6486,39.1077
60.8451,6.8935,15.9294
61.0500,6.7364,25.5100
59.8229,8.7126,34.7530
58.0019,12.4245,40.0250
56.6278,15.2066,42.9509
56.7055,4.5875,17.8018
55.6214,6.6972,19.3818
54.6512,7.6381,20.6856
53.6965,7.4542,21.3806
53.3118,6.0691,21.9658
54.8567,3.7424,23.2743
48.6718,15.0052,34.6231
47.7038,12.1132,28.2580
51.5454,6.1187,27.2699
44.7953,11.2400,29.4960
42.6364,12.8530,31.6116
45.3044,10.9270,33.7611
47.7596,10.6232,37.6693
45.7317,-0.2678,41.0236
41.2712,-17.0131,32.4716
38.8825,-40.7584,17.2272
40.3572,6.9740,15.7230
48.5585,-21.0857,9.0809
38.9930,-42.8671,7.6098
43.2388,-1.5695,9.2905
53.6828,-26.9732,10.3024
37.4434,18.0886,20.1520
44.7126,-13.1598,0.7318
45.0987,-34.5867,10.5231
42.3156,8.2892,14.0786
50.7409,-19.5229,10.8441
37.8048,-41.3542,10.4833
45.3240,-5.4886,3.0225
48.5377,-30.1250,14.0535
43.1759,11.5729,15.7195
51.5851,-17.4292,8.7993
38.0336,-38.5035,12.4076
46.9794,-5.0747,1.5979
47.0020,-28.8407,15.8804
45.3914,9.3372,12.1266
53.4416,-17.4041,14.0599
38.0830,-40.1611,14.7954
50.9544,-12.4553,0.3778
40.8950,-31.3742,15.6974
49.0808,-0.0985,4.0688
48.3128,-24.0739,19.7851
48.0202,9.1701,10.4686
53.3243,-15.8803,18.1974
47.7923,13.9891,15.7484
51.5053,-12.8127,9.5829
39.8635,-34.3617,18.5064
51.3996,-10.2491,4.5330
39.9493,-29.3905,19.3459
54.4370,-8.1357,2.5459
41.2223,-25.6931,20.3976
55.8475,-5.1140,3.1163
42.1567,-23.2885,21.5301
56.4521,-4.1541,4.2804
42.0357,-22.0082,22.3016
57.0358,-5.4950,5.0025
40.9457,-22.0196,22.7696
55.1440,-7.4854,6.9682
39.7252,-23.3497,23.4601
51.4327,-7.0031,10.2657
40.5810,-25.8989,24.6428
47.7918,-7.8302,15.3597
57.7588,9.4196,10.0124
44.7589,-10.3060,22.5938
57.6704,-0.5865,10.3276
39.5263,-15.9335,25.5494
52.1562,-5.8600,14.5647
41.3602,-23.2622,27.7172
42.5936,-7.9761,22.8580
59.3262,-4.8461,13.5291
38.0697,-17.2576,28.2197
44.4423,-5.3661,22.1625
59.6729,-4.1456,15.6431
38.0832,-16.0240,29.5507
41.0128,-5.6497,24.8204
53.6846,-6.2234,21.0382
57.9392,1.3376,16.2151
36.1660,-11.1849,29.9741
39.9897,-4.8879,26.9989
48.3395,-4.7407,25.9090
54.8714,-7.2822,25.3450
59.5542,-3.7140,24.0344
58.4902,0.2004,22.7914
57.3740,1.5627,22.6249
57.3396,1.4095,23.8868
58.2632,-0.5566,26.8367
57.1682,-5.2151,31.6905
49.9885,-4.1509,33.2067
42.4450,-0.9997,33.9040
57.8769,-0.5613,33.4693
44.3117,-0.1798,35.7807
48.3410,-0.2109,37.2357
46.0725,0.3022,39.0949
54.5894,4.6051,41.6439
28.4300,-54.3601,0.9706
4.2636,-59.9218,-10.4260
3.8972,-28.9444,-8.6662
38.4421,-50.3806,2.8766
41.2211,-31.2255,-14.4860
31.9034,-11.3491,-14.3349
40.4712,-49.6992,-4.1639
39.8290,-25.6113,-16.6211
39.6123,-45.6741,-13.8319
32.2414,-19.2101,-17.0323
36.1483,-54.2224,3.6796
36.6159,-35.4671,-10.8240
39.5882,-52.4450,-8.3286
34.3832,-27.3242,-19.3396
31.1745,-1.3644,-18.2843
33.7281,-39.7821,-10.6726
26.2006,-14.7142,-16.9651
36.3091,-52.1385,-11.3237
30.3296,-25.9235,-20.7493
34.4113,-56.8971,-2.9471
29.8773,-33.4332,-12.5443
29.6611,-39.8223,-10.8003
25.6827,-11.0974,-18.1413
30.1801,-47.6057,-12.9385
25.7115,-17.1428,-23.9501
31.1116,-54.6732,-12.5925
24.7656,-25.3328,-18.2641
30.9398,-59.4924,-9.1735
23.8699,-29.1708,-14.0830
28.7468,-59.9347,-5.7616
22.7039,-31.6034,-13.0043
26.9357,-59.4034,-5.1392
22.1611,-32.6462,-13.7412
25.2356,-58.7077,-4.8210
22.1740,-33.7276,-15.0670
23.8050,-59.3477,-5.5694
21.8292,-33.3066,-16.5527
22.6868,-62.0082,-9.5094
20.7845,-29.1105,-18.8585
20.8171,-59.5177,-13.6984
19.0431,-23.6826,-21.6427
18.3900,-53.6685,-15.1353
16.1185,-14.5988,-23.7947
17.2702,-45.4594,-18.2059
16.2946,-36.0646,-23.1989
14.4936,-60.1325,-16.1594
12.0155,-20.1961,-24.7595
13.2536,-47.6570,-22.6657
11.9121,-62.2943,-10.3208
11.0872,-30.3245,-25.4474
10.2810,-51.9353,-23.7594
15.7390,-8.0930,-18.7347
11.9231,-30.7206,-22.3499
8.9153,-48.0237,-22.4607
4.4028,-61.3767,-17.7576
13.1702,-21.1565,-16.4397
10.4215,-37.9934,-20.1867
5.0393,-49.9633,-23.0968
4.3486,-57.2711,-13.6637
11.1596,-17.9445,-15.5109
9.7241,-28.0485,-20.4603
6.6951,-35.1289,-24.1841
4.1039,-39.3200,-26.8412
2.2628,-41.4202,-24.2298
2.5022,-41.4729,-21.3465
2.8255,-39.6711,-20.5826
2.7693,-35.8459,-21.2975
2.7178,-29.0778,-22.7497
3.4546,-18.6652,-22.4939
6.9741,-40.1315,-12.7996
4.4929,-25.8108,-17.3274
6.8840,-33.1829,-12.8642
6.4396,-31.6953,-11.7955
4.0956,-21.3039,-10.4789
60.5844,35.5781,-13.5623
53.8564,6.9978,-27.8559
34.7962,-20.2832,-33.8031
30.3153,32.6378,-16.3111
27.9667,9.3784,-32.6945
31.5982,-8.6182,-29.2525
27.7724,60.3999,-14.7542
44.4308,54.4324,-10.6164
33.4226,-11.4425,-29.9531
49.6518,1.4737,-32.9539
59.3698,29.8690,-16.1355
32.7726,-17.8896,-38.4291
52.4852,10.2391,-26.5948
58.6659,39.5520,-13.5993
40.6297,-7.8877,-39.5170
57.0408,20.4903,-22.1833
56.9789,50.0076,-9.5191
47.0918,2.6037,-34.0261
56.8649,32.3762,-16.9383
33.2973,-10.2368,-39.4904
54.1410,16.0086,-25.7717
56.9039,47.3418,-12.9066
44.8674,1.1193,-37.8758
56.7025,31.6753,-18.8187
31.8469,-8.1027,-39.1831
55.5536,17.2955,-27.5857
56.5805,50.3924,-14.0617
48.0115,4.7355,-38.8566
56.5680,37.9282,-18.4167
36.2593,-2.7624,-41.8547
57.7794,26.4760,-25.1757
24.9401,-6.9088,-41.2276
54.7292,16.0382,-33.5941
55.4811,51.0741,-17.6231
47.2783,8.8984,-41.3931
55.7744,43.2282,-20.5283
38.5594,4.7877,-44.8815
55.7456,36.5196,-23.7938
31.6735,2.0760,-45.3371
54.4011,30.9561,-26.4913
28.1028,0.9374,-43.4198
52.1950,26.8580,-27.8774
27.8386,0.9496,-40.0912
50.0941,24.6276,-28.3905
28.4627,1.6106,-37.7637
48.6407,24.2415,-27.8282
29.2361,2.7438,-36.6770
47.8776,25.7816,-26.3369
29.9179,4.5768,-36.9051
47.5276,29.3728,-24.2069
30.7920,7.5741,-38.3616
47.2425,35.0593,-21.7890
35.2400,9.3897,-35.6331
46.1653,41.6539,-19.2398
39.9445,12.9493,-27.9236
43.7959,48.3028,-14.0142
43.5653,23.3024,-21.7485
32.2030,10.4244,-32.4007
43.9231,36.9865,-20.0809
39.0062,15.1879,-26.5834
41.6023,50.0277,-14.4806
42.0147,31.0810,-20.3591
37.7925,16.2430,-28.4064
41.2860,48.7874,-16.8715
40.4987,33.1255,-21.1995
38.6683,20.1247,-25.7037
41.2596,55.4613,-17.2021
39.0086,42.4299,-22.0066
37.7225,31.8579,-23.7126
37.2474,23.8187,-24.4727
33.1352,21.4089,-26.0040
36.0386,52.9596,-18.5724
33.8693,46.9158,-19.1579
31.6191,43.0675,-20.4471
29.5110,40.6812,-20.9596
27.9286,40.1679,-20.2300
26.6599,41.8779,-18.6654
25.7701,46.0537,-16.7222
26.1708,53.0063,-15.1081
32.5279,32.0249,-16.2398
30.3694,41.8602,-13.3341
27.0529,57.5052,-10.9937
29.3040,49.6045,-9.4866
30.1688,51.5648,-7.9295
30.6472,48.1296,-5.6231
18.3372,93.5013,20.5003
13.2743,94.3367,-0.9568
9.5364,78.3166,-5.0424
53.9171,58.7288,-4.6773
44.0196,80.5267,2.6048
24.0417,92.9837,8.7470
48.2162,63.7868,-1.7072
37.1527,86.8201,1.8394
20.8068,95.7431,15.5126
42.5111,70.4930,-0.0075
28.7092,90.3446,2.3374
53.9157,58.1057,-7.3699
42.8146,81.7374,-0.5822
21.9165,95.1287,6.3940
44.5064,65.7003,-2.3136
31.5584,89.8601,-1.0594
55.3777,55.4603,-10.5420
42.7149,79.6876,-2.3528
22.6679,96.2650,3.9321
43.7938,65.6603,-3.3625
30.6306,91.6271,-2.7408
53.0442,58.0110,-10.7818
40.7933,83.9045,-5.1522
19.2584,99.2712,5.0124
42.5403,71.8467,-4.6051
27.2790,96.6397,-2.5506
44.5848,62.2286,-5.5571
31.7641,91.5159,-7.0515
51.1446,57.2627,-11.9546
38.7179,85.8799,-8.8767
15.8605,101.5561,3.4402
41.4337,78.5881,-7.5025
21.3709,99.4415,-2.4548
41.7922,72.3801,-7.1055
23.7950,98.0068,-7.5555
41.5775,67.8588,-7.4280
24.9605,96.4001,-10.6082
41.7223,65.1044,-7.9153
25.1185,94.6295,-12.0501
41.8213,63.9994,-8.5482
24.2950,93.6589,-12.7914
41.7374,64.7036,-9.3286
22.6507,93.6531,-13.2773
41.7704,67.4288,-10.3333
20.2209,94.7536,-13.9190
41.4453,72.3228,-11.5843
17.0050,97.1489,-14.0059
37.5023,78.7060,-13.1451
14.4339,98.1140,-8.8287
29.5436,84.5380,-14.8737
42.0043,57.0005,-12.0197
20.8719,89.0073,-11.5040
40.6158,71.3420,-14.7419
12.2843,95.2660,-13.0003
27.8659,82.6919,-13.9332
42.2171,60.8487,-14.9293
15.8630,90.3798,-10.0081
29.8001,79.1105,-12.8764
41.7932,59.4785,-16.3239
14.5655,89.6864,-10.2638
25.9522,80.5161,-11.3064
36.1433,67.4441,-16.0619
7.3184,92.8389,-12.6162
15.8632,85.4218,-11.9649
24.3441,79.3512,-9.3240
28.7258,72.5040,-13.3046
33.5287,64.1822,-15.2405
5.4838,88.7340,-12.1501
8.5790,86.3334,-12.2218
10.1923,84.0042,-12.5789
10.8206,82.5979,-12.1033
10.0659,82.0741,-11.1050
8.6295,82.2135,-8.6827
27.1603,64.8048,-10.7782
23.4160,70.8463,-5.9915
13.9366,75.4364,-8.6460
24.9641,66.8892,-6.2777
28.2927,61.1041,-7.1958
25.5759,61.7401,-6.6897
25.2143,58.3418,-7.0073
15.4197,65.6950,-6.0848
3.5823,91.8674,-6.9442
10.1533,98.1275,10.8795
8.5227,73.2317,-4.1270
11.6630,91.5456,-1.5494
14.0471,95.7595,19.1681
4.5299,79.2255,-4.0086
6.1890,97.0373,3.7084
15.3890,64.4798,-4.1901
5.1728,88.2905,-3.8040
9.1427,94.6613,12.0820
6.5887,74.1784,0.2035
7.9011,92.9655,3.3418
15.9677,59.5627,-4.8553
4.7948,84.9101,-0.7466
6.6764,93.6590,12.4532
4.7004,71.7418,1.9449
5.0915,91.9195,4.1179
12.5915,60.9516,-3.0095
9.7871,84.1067,0.7993
7.3696,90.8963,16.6085
2.6003,75.4095,5.6280
1.4073,91.3597,10.6228
4.7894,64.7728,3.0231
5.9148,87.4370,7.1663
9.7886,56.9163,-1.3883
11.8651,82.6932,5.8881
6.0216,88.4641,22.4065
10.3106,77.6247,5.0142
3.7385,87.0088,19.3448
8.9403,72.3363,6.4617
2.0904,85.2504,16.9099
9.7932,68.3394,5.0492
2.2963,82.8314,14.8160
11.7661,65.9756,4.0326
1.8545,80.7255,13.9561
13.8708,65.0650,3.4451
1.7196,78.9484,14.4884
15.8715,65.5917,3.0101
1.6953,77.5414,16.6115
17.9012,67.5002,2.9864
2.3368,76.6617,20.0586
19.6882,70.5797,4.0241
3.3938,76.7953,23.9729
18.4046,72.6200,8.0690
6.3453,78.2642,27.3277
10.5194,70.4406,10.4920
23.2705,57.7376,1.9154
5.3183,68.7701,15.5272
24.1159,66.4315,5.4680
9.9458,75.4248,22.7851
12.9995,66.9125,8.0155
24.3397,58.0509,5.0744
11.9615,71.1857,18.7459
17.6092,66.0086,7.9444
21.3242,56.1271,5.8430
16.0246,71.0172,18.2282
18.2089,64.6911,12.3059
18.9638,59.3118,6.8902
17.8207,70.6001,24.0076
20.1512,65.7955,18.8450
19.4507,60.5436,16.0144
16.1175,58.4652,12.2558
12.4156,57.0727,9.1218
14.6869,65.0852,27.7253
14.9980,64.1684,25.3084
14.2320,63.6918,24.0885
12.7936,63.9449,23.8014
10.9649,65.0427,24.3919
8.7268,66.8769,26.0363
3.9397,56.3258,11.3044
3.4234,60.5776,15.3617
2.2600,63.7912,22.1253
4.6115,55.0543,19.0987
5.0656,51.1754,19.5690
5.2362,51.4106,22.9507
3.3609,49.6286,27.0334
26.7177,-7.3635,-30.1138
26.4292,13.9725,-32.4536
29.3299,37.4203,-13.0207
21.0050,-2.7739,-32.5002
25.8760,21.1970,-28.5631
26.5850,44.2412,-6.6545
18.8844,4.2911,-33.6514
25.0969,28.6217,-22.9434
19.1120,14.2286,-29.0919
24.4879,37.3594,-14.1703
16.8417,7.3644,-26.7855
21.9848,32.2947,-19.2761
18.4158,10.9296,-24.6020
20.6599,34.5776,-16.9838
20.7998,16.2901,-21.7269
19.8065,38.8309,-12.8693
20.0210,23.3953,-17.3588
16.1130,31.8712,-14.3693
20.4082,29.0509,-11.4931
15.7575,-43.0829,40.7721
24.0914,-47.6510,21.0877
35.2001,-53.9410,7.8740
13.1317,-63.2692,-7.0473
8.6274,-41.3908,-9.4232
25.2066,-53.7813,1.2752
5.9850,-57.2896,-6.6762
35.4335,-53.1066,10.8589
15.0411,-64.1045,-4.0325
9.3829,-43.6812,-7.3516
24.3276,-53.6510,3.4403
6.4338,-57.6500,-3.8499
32.3670,-53.3991,11.9482
12.2975,-67.2400,-2.2381
7.5460,-42.2841,-5.8787
21.1952,-61.1030,2.7200
9.4241,-50.8000,-3.2216
24.9489,-52.5496,7.9048
6.2334,-59.9099,0.4992
29.9113,-51.3345,13.9116
9.4353,-67.6056,2.7594
4.5281,-42.4653,-2.6191
17.5477,-65.3697,5.0646
8.9234,-47.0334,-0.8824
21.7521,-62.1864,8.0375
10.5411,-50.5746,1.6912
22.6887,-58.5798,10.7367
9.1823,-53.6552,4.0117
23.0339,-56.3361,12.6647
8.2796,-55.4200,5.9332
23.1009,-55.5652,14.1117
7.9922,-55.7862,7.3687
23.1186,-54.8025,15.6440
7.5945,-56.0714,8.7887
23.2678,-53.9520,17.0905
7.1731,-56.3268,10.2023
23.0066,-54.4234,18.1219
7.3843,-55.2236,11.2880
22.7130,-54.8180,19.1445
7.5653,-54.1551,12.3546
21.9676,-56.5825,19.9248
8.3596,-51.7334,13.0916
19.5747,-58.7743,20.2580
9.6212,-48.3417,13.2829
15.0095,-60.2897,20.1911
10.0037,-44.0324,13.2653
7.7824,-63.4089,22.0204
6.3117,-40.1653,15.9746
6.0716,-55.0817,19.8071
18.1308,-55.7307,24.8266
9.0669,-46.0379,18.2385
8.3432,-61.4140,26.6756
21.1792,-50.1502,28.2364
6.4009,-49.6849,22.4630
11.3700,-57.9060,28.5883
9.3951,-37.6686,20.4136
6.2520,-48.2889,24.9514
8.1748,-58.1098,32.4216
17.2939,-50.7497,31.5083
7.8014,-41.7710,25.5973
5.3447,-49.1916,30.1812
7.1953,-55.4390,36.6704
13.3408,-50.4449,34.9351
16.9156,-46.8234,35.3926
6.3233,-38.3431,30.1061
5.6974,-40.4644,32.6169
5.5778,-41.2909,34.6425
5.4570,-40.8776,36.1042
5.4268,-39.1924,36.9022
5.6015,-36.1719,36.9947
13.9956,-42.3689,43.6651
8.0165,-43.3665,48.3165
4.2288,-36.6847,44.6414
9.4610,-39.1119,50.3387
5.3350,-30.0746,45.1108
10.2882,-33.5649,53.4374
3.7329,-27.2600,53.0918
35.1516,-51.7380,14.4608
22.2154,-47.3632,29.2083
14.0742,-35.7885,50.1101
30.8044,-49.2285,19.6970
19.8821,-44.4012,34.1447
11.8682,-27.3667,55.3938
25.9872,-44.0921,22.6499
17.6125,-39.3533,40.4761
36.8735,-47.7453,15.2395
23.9369,-43.3440,29.9862
17.1067,-33.1367,50.4869
30.5762,-45.5208,23.4627
19.7407,-38.8530,36.2969
12.9755,-21.1973,58.7424
25.5550,-40.3280,28.7148
18.7878,-32.3152,47.9532
32.0760,-43.9627,24.8558
20.6486,-35.9672,36.3054
37.9838,-42.9378,16.5596
26.1101,-38.5478,32.3860
19.4459,-28.1374,50.9221
30.3871,-39.6370,27.6878
19.9930,-30.9821,40.2242
36.9517,-42.1031,24.5525
23.7213,-33.4873,35.8491
18.1496,-19.4931,59.1480
27.5917,-36.0395,35.3665
20.2008,-23.6779,51.7815
30.4135,-36.0452,32.4401
20.4443,-25.1537,45.2722
33.5485,-36.4546,30.6526
21.6850,-25.5121,40.6584
36.3339,-36.5057,29.2414
23.4543,-25.6481,38.8371
38.4618,-35.9022,28.0992
24.9372,-25.8120,39.1451
39.7577,-35.0013,27.7844
25.7584,-25.4127,40.1382
40.1863,-33.7572,28.4115
26.0296,-24.1772,41.2662
39.6804,-32.0140,29.9158
25.8484,-21.9966,42.5842
38.4769,-30.0994,32.4278
25.1465,-18.5373,44.4056
36.9453,-28.2878,36.1943
24.0552,-14.7139,47.3452
34.3511,-26.2959,40.9323
21.4430,-10.2921,51.9486
30.6031,-23.1105,46.4219
42.7595,-25.6782,34.2930
27.3141,-15.2497,48.8593
36.9466,-23.5324,41.4541
43.2998,-23.0561,30.4551
30.4627,-18.2477,50.3267
40.0413,-21.5855,40.1297
25.0485,-6.8777,52.4430
31.5406,-16.6507,52.3470
39.6650,-19.3803,42.7279
43.1977,-17.8549,35.0263
29.6438,-10.0525,55.9312
36.1021,-15.5030,51.5242
41.0743,-16.0656,44.0592
42.3815,-14.8358,38.5745
40.6556,-13.8333,34.7862
31.4827,-5.2279,57.6041
34.2545,-6.9364,57.6669
36.1619,-7.5665,56.2878
36.8646,-7.0661,55.4159
36.6115,-5.4393,55.7170
35.4409,-2.5933,55.8531
38.6966,-6.8280,37.3954
39.4868,-6.7869,42.5028
39.6290,-4.6994,50.0916
40.2077,-3.9356,41.0643
40.3200,-0.0910,49.3718
43.6566,-1.2787,40.6517
46.0484,0.4750,48.1654
39.0958,-8.8619,-23.9901
42.0433,11.7432,-10.0381
34.0575,22.7969,5.3140
43.5862,-6.9970,-19.5486
41.6829,16.1205,-6.6256
31.6869,25.3881,10.8706
45.8955,-1.8166,-13.3470
40.4910,21.5078,-2.3519
37.4997,-15.7124,-27.4223
46.2937,6.5797,-7.5269
36.9300,25.1924,4.3933
45.6590,-11.3470,-16.2722
45.0953,15.6155,-2.2466
32.7754,28.3815,13.8467
48.4771,-0.2630,-6.9941
40.5388,21.9288,4.4636
47.3775,-15.5744,-16.7543
47.4946,12.8609,-0.2082
38.0897,-20.0466,-34.1333
50.7750,-0.7311,-4.1969
42.3827,21.4192,8.7149
52.0746,-13.1614,-12.1008
47.7535,14.3724,4.2443
46.2471,-14.9090,-27.3309
52.4039,5.6856,0.7841
41.9911,28.7341,10.3927
56.4642,-3.6423,-3.1669
47.4743,22.8343,8.4419
54.7895,-6.9990,-12.1799
51.3854,17.5896,6.7283
51.1341,-7.5409,-19.6447
54.7734,13.1184,5.1599
48.3445,-7.7826,-25.1039
57.6534,9.4739,3.6766
47.3404,-7.7676,-28.2776
60.0902,7.0990,2.0901
47.7521,-7.4383,-29.7487
61.0021,6.8487,-0.2352
48.7585,-6.5478,-29.5373
60.9663,8.0027,-1.3106
49.6685,-4.7648,-27.6742
61.6634,9.8878,-0.7171
49.9154,-1.7123,-24.3676
62.7856,12.6103,1.6569
49.3916,2.5433,-20.0765
62.1250,16.5831,5.2045
50.2290,6.7191,-14.3171
59.0325,21.8311,7.4948
53.7214,10.7387,-7.4709
54.9415,-0.3113,-23.3445
61.2960,15.9213,-2.4417
50.2012,8.8176,-15.9914
54.0584,3.8596,-29.4175
54.1078,15.0214,-5.9653
53.6361,7.9018,-17.2214
64.9997,22.6055,2.4704
52.4234,16.9199,-6.5058
53.8074,11.4188,-15.1473
60.0320,7.8328,-23.0974
55.2065,21.3343,-3.1515
49.7564,18.2549,-10.2891
56.2399,14.3353,-13.3517
62.3767,11.5290,-16.2061
59.7126,14.8678,-21.6532
50.7952,25.1325,-3.3876
48.2041,24.5625,-6.1944
48.7189,24.8049,-8.0056
49.5697,25.4751,-8.2679
49.5187,26.7687,-7.6243
48.4697,28.8185,-6.1663
61.6196,25.1232,-16.7750
64.0219,26.2941,-9.8915
56.5853,29.9343,-6.1070
63.8221,31.0769,-11.5834
55.5713,34.7601,-3.8605
61.3769,37.0889,-11.8704
62.6674,39.2810,-3.6494
-5.6677,43.5807,33.1279
-4.9811,44.5920,32.5025
-11.0359,53.2544,8.8011
-16.6822,52.1454,0.4730
-5.4681,37.5633,26.2849
-3.4393,45.3608,27.7530
-3.9218,44.8682,22.7357
-5.4749,45.6878,17.7642
-5.2318,50.3948,11.3466
-6.7713,46.4258,8.6853
-10.6880,51.4062,6.4946
-11.5186,49.0753,4.5888
-14.2043,48.7417,4.1069
-19.2386,49.8166,5.0525
-11.0550,41.3476,0.7654
-21.3302,48.3826,2.5804
-15.1008,43.2957,-1.2173
-22.8290,48.1521,-0.8726
-18.1664,42.8684,-3.5673
-15.6442,40.3342,-4.6576
-14.4573,37.0404,-4.8286
-17.6340,34.9226,-4.6062
-15.2132,44.0484,-4.4813
-14.8721,35.2536,-9.0152
-15.1926,42.8200,-8.3435
-17.0923,44.6709,-9.3237
-17.5601,52.4826,-7.2782
-23.7927,49.6458,-7.9557
-8.6528,19.3072,40.3941
-8.1039,-2.4618,50.2278
-5.0011,-24.0692,56.1875
-10.3656,-33.1723,28.2021
-4.5954,36.3031,33.3334
-9.3134,13.6177,40.8588
-7.0099,-8.2097,52.0856
-3.8001,28.9691,35.6207
-9.3469,6.6485,43.3844
-6.5160,-14.9352,54.5600
-3.5024,20.8128,40.0601
-9.7664,-1.3857,45.8406
-3.2037,35.8203,29.1831
-6.4818,11.5606,41.3775
-7.5861,-10.5582,48.9660
-3.1496,24.5917,33.5750
-8.9763,0.8562,43.3769
-5.4457,-21.6669,52.8882
-3.9820,12.1159,40.4354
-8.4036,-10.3569,45.8861
-3.0629,23.7347,30.6529
-8.5440,-1.1038,42.2564
-5.6545,-24.2078,50.5085
-3.6962,7.9590,39.9926
-7.3972,-14.5517,44.8232
-2.7664,17.5826,31.6617
-10.2144,-7.1522,41.0043
-6.5308,24.7859,28.3903
-6.4767,-2.5757,41.0453
-6.2480,-25.8527,46.1245
-4.4073,-0.3335,40.2279
-6.2549,-23.5946,43.7271
-3.7832,-0.4938,39.1557
-6.3706,-24.1684,42.4072
-4.7962,-4.7771,39.5251
-7.0918,16.2654,29.3730
-9.2772,-11.6697,37.0700
-2.4836,1.2427,33.3581
-7.5976,-24.2377,38.0417
-8.6531,-13.9092,35.8694
-2.9900,-6.3675,34.8072
-5.4021,1.9973,30.9760
-9.2867,-25.6434,34.4071
-10.6783,-22.1721,32.5525
-9.8928,-21.4456,31.7642
-9.1925,-22.0219,31.1770
-9.2958,-23.6508,30.1483
-10.7657,-27.5351,28.6548
-5.0080,-13.1168,26.5001
-5.2627,-26.1443,28.5575
-3.6308,-21.3273,23.4022
-3.9013,-24.4050,21.3198
-5.1876,-27.1339,18.1080
-6.9021,43.4851,33.4281
-5.2521,46.6648,47.6960
-9.1625,47.5341,66.5238
-15.8132,36.4634,75.0819
-7.6749,19.2949,73.8298
-10.4844,-2.9979,69.5518
-10.5901,42.6771,37.4595
-8.1300,46.2905,55.4850
-14.9535,45.0947,72.9552
-6.3508,43.7105,42.4362
-10.3818,46.1705,60.0558
-18.2914,39.2483,71.6915
-7.7413,42.6301,49.0794
-12.2121,44.1192,66.3347
-7.1433,39.2245,38.6362
-12.2279,44.6965,53.8689
-13.5436,41.3154,73.7745
-8.5264,40.0895,46.0720
-13.0399,42.6327,62.0940
-5.6715,36.0276,38.4088
-14.4680,42.8157,51.2741
-12.0114,39.9549,71.8031
-11.2036,38.1723,45.0209
-12.6364,40.5694,61.7948
-4.7069,34.1188,42.0968
-14.8851,40.4277,52.7390
-9.2849,39.1036,74.7780
-15.9954,38.0934,44.5532
-9.4209,40.3447,65.6273
-11.7568,33.7520,42.0784
-10.5065,38.8837,58.2385
-5.9323,30.2498,43.1201
-12.7498,37.1122,52.4467
-6.5861,36.6165,74.2225
-14.8212,35.1616,47.4082
-4.2431,39.7974,69.1473
-15.8981,32.9305,43.3746
-4.0395,38.8016,64.2778
-15.8120,30.7182,40.7575
-4.0537,37.0778,61.0193
-15.3216,28.7795,39.4812
-4.1562,35.3038,59.1744
-15.0263,27.2098,39.2556
-4.5275,33.6628,58.7421
-14.9774,26.0030,39.8978
-5.0128,32.0802,59.5873
-14.6016,25.2645,41.5362
-4.7835,30.2705,61.6262
-13.0127,24.9727,44.3416
-3.9257,28.1608,65.3265
-9.6060,24.9145,47.6983
-4.0327,26.2960,71.4014
-5.0283,24.9153,51.6159
-13.2418,18.3942,40.0577
-6.3817,24.6602,59.0525
-11.4477,19.8597,45.9957
-5.4563,22.6167,68.2823
-5.3974,20.9141,53.1443
-12.4453,15.6954,43.6071
-5.7925,20.6720,64.3254
-5.7953,17.8545,52.1003
-11.5060,13.2773,44.7389
-4.8361,17.9196,65.7078
-4.9436,15.7947,55.8733
-8.7950,12.3574,48.8954
-7.2256,14.7468,71.7594
-4.5754,13.5485,64.3640
-5.2438,11.5107,58.1857
-5.4243,9.0933,53.3887
-7.4217,6.8670,50.2741
-8.7904,4.8358,48.3286
-8.7564,9.6255,70.4558
-8.4824,8.3982,69.2329
-8.9458,7.3249,68.9671
-10.1005,6.4573,69.6849
-7.6941,-0.9425,52.0574
-6.7020,-1.0573,56.9137
-5.5558,0.0902,63.7080
-9.6056,0.6679,70.3323
-5.3388,-3.7537,63.8040
-5.8959,-7.2281,60.4289
-5.2169,-9.1638,64.2956
-6.4892,-13.1216,65.4109
-21.4434,31.0297,74.0399
-29.1713,24.2814,50.6017
-43.3864,10.6859,46.9211
-40.0107,0.0926,47.6438
-24.6610,-7.2677,52.4655
-13.2328,-20.1030,59.6481
-22.4455,30.1458,62.0220
-38.5857,18.5869,52.8573
-17.7283,36.4208,72.0241
-23.4167,27.4414,53.6661
-40.3454,12.5798,52.2662
-18.0151,30.1372,72.2992
-29.9905,23.1738,55.3207
-47.2297,8.3975,50.6571
-18.7609,31.1729,60.1959
-40.0990,17.7402,56.9170
-15.0052,32.2162,76.3697
-25.4893,23.9105,56.9826
-45.0313,8.1675,54.9607
-15.9682,32.1204,61.9194
-39.4466,19.3449,60.3349
-12.5809,32.6999,75.7513
-25.8478,23.5662,60.1529
-44.2640,4.1757,55.9351
-15.3103,29.1284,60.5638
-41.0345,13.8445,62.9764
-12.3315,34.4080,68.5775
-32.2279,22.5852,64.7822
-43.5502,2.5780,47.9462
-23.0393,24.0014,63.8893
-39.0840,4.7968,56.1322
-16.0577,26.8105,64.3120
-35.8738,9.1273,62.4483
-11.5093,30.6735,65.6127
-34.1646,13.6748,65.9275
-9.0741,33.7909,67.9745
-31.6753,16.5009,69.0401
-39.5301,1.0339,47.0729
-28.6055,18.2794,70.5647
-37.4762,2.9800,46.8137
-26.4681,18.4130,71.1703
-35.8615,3.9821,47.2168
-25.4451,17.1645,71.3226
-34.6857,4.0120,47.2882
-25.2951,15.1393,70.3894
-34.0515,2.8641,47.7310
-25.8602,13.3805,67.9340
-34.4328,0.9500,50.3909
-26.5467,12.5602,63.6323
-11.3237,24.0123,75.4335
-26.6457,12.1042,57.6627
-15.6553,17.9580,73.1139
-26.8263,9.1991,50.4694
-19.8574,14.3625,68.2080
-29.3852,2.5891,50.5387
-23.5688,11.1353,61.1833
-13.8240,16.5082,71.5655
-24.9258,6.7427,50.4255
-20.1825,11.3187,65.3638
-10.9950,16.2714,72.6329
-24.0037,5.7340,53.5917
-19.4261,9.7412,65.1283
-12.1110,14.2466,70.5254
-24.1043,1.6718,52.9286
-22.2762,5.4863,61.8719
-16.9868,9.2051,67.3400
-11.5731,11.9971,70.5786
-23.5412,-2.4877,54.3278
-23.1059,-0.1690,59.5167
-23.0032,1.4304,64.0574
-21.1845,2.3422,66.9210
-19.5082,2.4186,68.2745
-18.6917,1.7615,68.7074
-18.7681,0.3825,68.4386
-19.8552,-1.8289,67.6978
-21.5203,-5.2123,65.7706
-22.3509,-9.5715,61.3094
-13.1478,-1.3862,69.2128
-18.7088,-9.1785,64.8547
-13.7392,-6.3746,66.0983
-12.4611,-8.1225,65.9187
-15.0418,-14.8744,61.9443
-12.3108,-18.8831,61.0209
-29.8580,40.6177,58.8307
-37.0731,40.3811,44.0443
-51.8433,6.6682,43.2027
-53.3568,12.1976,44.7681
-49.8567,29.1511,43.0597
-20.6506,39.3683,64.1677
-34.9306,39.9111,53.4652
-42.4393,40.3474,42.1630
-23.2373,38.9205,59.8478
-35.9583,38.7359,48.5634
-46.6451,40.7338,44.6671
-27.6847,38.6716,56.1694
-37.6958,38.0799,43.6434
-20.2501,36.1683,67.2529
-32.4918,38.0725,51.7793
-43.0283,38.0206,42.8507
-24.7316,36.3108,59.4202
-35.5587,36.4046,44.9032
-49.3404,39.0331,46.6730
-31.0097,36.2519,52.7193
-41.8396,36.0691,42.8457
-26.0154,35.1687,61.7350
-35.3453,34.8430,44.0842
-21.6263,32.8133,72.2504
-33.1592,34.7547,52.1262
-43.9577,34.6886,43.4127
-29.8172,34.4831,59.9689
-37.7250,32.8806,41.6026
-26.3964,33.4457,68.1285
-36.4637,32.9727,47.1104
-49.3927,34.1929,46.6403
-36.1317,33.6101,54.0729
-45.1689,32.4150,42.9434
-34.6199,33.9908,59.6841
-41.3605,30.6752,40.6033
-32.6840,33.6641,64.4632
-39.7600,29.6764,42.1608
-31.4886,32.0258,68.7019
-40.4506,29.7566,45.3525
-30.3708,28.8683,69.3632
-41.5751,29.8093,47.8430
-29.4024,28.3622,67.2873
-42.6770,29.5214,49.2028
-29.7850,28.4735,65.7509
-43.7305,28.7885,49.3133
-31.5018,28.5466,64.7015
-44.6858,27.5349,48.1627
-34.5321,28.6354,64.0521
-45.2848,25.7497,45.7204
-38.7210,28.1932,64.0722
-45.8141,24.1813,42.3913
-44.6829,28.0923,62.7076
-48.3054,24.2220,39.6087
-48.8652,26.1662,55.9906
-33.8734,28.3183,57.9573
-49.0187,22.8544,48.0969
-42.2294,24.7802,59.8980
-27.8285,27.5185,52.6470
-51.3688,21.7739,54.7457
-40.1422,25.7917,55.9504
-50.8930,20.1812,42.8000
-51.5263,18.4038,56.1858
-42.0349,23.6816,54.0007
-32.3918,26.1163,49.4276
-54.0655,16.8444,51.2408
-46.6448,16.9643,53.8129
-41.7359,22.1469,50.1157
-36.4638,24.4486,47.4190
-33.8156,23.0914,50.3103
-53.3254,12.0881,49.1635
-49.3316,13.8448,48.3269
-47.1875,14.9702,46.9970
-46.2130,15.4451,45.4502
-46.4057,15.5499,43.8850
-47.8339,15.1452,42.4232
-37.2823,16.4246,49.3219
-34.9718,16.3321,42.7164
-39.9999,16.8997,36.7575
-37.4618,13.7178,44.2633
-42.3937,14.1457,33.6559
-42.0672,11.2977,45.7447
-43.9795,10.8535,37.2542
-53.0726,45.8625,39.4108
-48.6439,48.3695,20.4929
-62.3279,44.8605,4.9873
-55.5455,40.3424,40.4714
-54.2784,32.8001,30.8564
-36.9446,28.9480,20.9696
-53.2967,29.6573,-4.9512
-67.6695,17.0686,4.7478
-33.3552,26.3122,15.3320
-52.3327,48.3962,26.9379
-55.1109,45.8582,9.4526
-52.4756,43.6700,41.1841
-49.1985,46.8963,22.4049
-58.9236,43.1311,5.8209
-54.7225,45.7325,34.1932
-48.4196,45.5281,16.1318
-64.0175,39.2835,1.0380
-54.4305,47.0094,26.6165
-51.7875,43.5190,9.1471
-53.6204,42.6528,38.2497
-49.3636,44.5628,19.7366
-57.9422,39.4236,2.6999
-56.3196,46.0647,28.0474
-48.6210,42.6626,10.4779
-54.5049,41.5250,38.5788
-51.0176,43.4403,19.1870
-55.4805,38.0535,1.4795
-56.8250,45.0745,25.6971
-47.9102,40.9236,8.0841
-55.9629,41.9661,33.7628
-50.2035,41.1631,15.2584
-56.9146,33.7749,-2.1069
-55.7748,42.9183,20.1049
-49.6201,37.6440,1.7378
-58.6816,43.4188,24.8678
-46.9981,38.1580,7.0511
-58.6155,41.6408,30.1974
-50.7016,38.3081,11.1597
-59.1142,40.2868,35.1019
-54.5964,39.2318,13.6658
-52.2296,30.6463,-4.3481
-57.6377,40.0242,15.3795
-48.6615,31.9644,-3.0477
-59.6710,40.4019,16.3726
-46.6935,31.9637,-1.9320
-61.0763,40.3216,16.6187
-46.0172,31.0616,-1.3952
-61.9891,39.7971,15.8973
-45.8748,29.5812,-1.8933
-62.4044,38.7633,14.1415
-45.9048,27.4503,-3.6066
-62.0129,37.0464,11.3545
-62.0887,34.7481,31.8626
-60.3310,34.4032,7.8457
-63.2984,34.5429,26.5208
-57.1933,30.6091,3.9762
-64.8989,34.3425,20.0681
-52.3301,25.8444,0.1519
-66.5906,34.2835,11.4838
-60.2929,33.4553,27.4209
-61.6504,28.8098,3.5208
-64.2246,31.5783,17.5914
-57.1992,33.5622,30.2222
-66.5812,28.8532,5.1264
-61.9614,30.8251,17.6962
-55.8536,33.5876,28.0464
-66.9159,25.2995,3.7387
-62.7424,28.4261,13.8161
-56.6992,32.1565,20.6068
-52.8392,33.5401,27.7019
-67.8056,21.3872,6.9517
-62.0622,25.0206,11.2880
-57.6576,28.3269,13.3354
-54.4038,30.3165,15.7897
-52.0625,31.5349,17.5968
-50.4680,32.1043,18.2268
-49.4700,32.0456,17.5308
-49.1147,31.1311,15.5745
-49.7027,28.8838,12.8375
-51.4767,24.9723,10.2404
-42.7613,33.3644,21.0480
-44.2626,30.1347,12.7710
-39.6037,32.8765,18.1624
-37.5987,31.5697,19.1240
-37.3401,29.2894,15.5765
-32.9340,26.5461,16.6730
-38.1592,16.4755,0.8219
-41.5784,4.4397,-14.9010
-39.2323,-48.3075,7.6010
-54.7644,-26.4622,9.1281
-42.7677,-1.7295,12.5070
-40.3447,-49.2181,2.3137
-43.0606,-31.5503,-15.0585
-33.7608,-10.7528,-15.0597
-36.1537,18.1134,9.1064
-38.5348,8.3858,-7.5585
-39.4107,-5.2221,-21.4683
-38.5163,14.2950,4.9389
-39.4784,4.9656,-10.5323
-34.8337,-6.1578,-22.3586
-39.9255,9.8375,-0.8565
-39.5591,0.7326,-14.3905
-39.2837,13.9463,13.1609
-37.1791,4.7940,-4.7550
-38.0453,-3.9950,-17.6852
-42.1149,8.5392,5.5445
-39.2863,0.2608,-8.6857
-36.5389,11.5155,16.2287
-39.5726,3.0478,-2.2333
-38.0226,-4.3497,-14.7457
-38.9009,6.6231,6.8435
-39.2764,-2.7144,-7.2333
-35.2489,8.6006,15.0970
-41.0801,-0.5011,-1.3488
-36.5072,-6.5091,-14.6976
-40.6986,1.9160,5.8715
-39.3616,-6.8892,-9.4260
-37.4760,3.4641,12.0960
-41.4386,-7.6830,-3.7547
-37.5717,3.9227,15.8582
-39.8427,-5.9530,0.9683
-35.2457,-9.6994,-14.3161
-37.5176,-4.9116,5.1694
-37.5288,-12.3944,-11.1751
-35.4588,-4.5800,8.7294
-39.8204,-15.3008,-7.7601
-34.4186,-4.7942,11.3758
-40.3875,-17.0019,-4.4376
-34.8643,-5.7897,12.3931
-39.2860,-18.3825,-2.1451
-35.6572,-7.1601,12.1785
-37.8404,-19.9442,-1.0525
-35.9939,-9.1262,11.6564
-35.9980,-21.6970,-1.1893
-35.5699,-11.7418,11.0783
-33.1929,-23.0503,-2.3737
-34.1926,-15.1783,10.7153
-30.5319,-23.8513,-4.6772
-32.5598,-19.6874,10.5673
-30.4672,-23.7157,-9.1454
-31.6384,-24.8121,7.6141
-41.0549,-14.0109,6.0314
-31.9763,-28.8239,1.0885
-37.0329,-20.8857,9.4928
-34.8208,-26.0419,-7.4964
-34.2558,-28.0350,6.2264
-42.0557,-19.6029,6.1160
-37.1233,-28.4727,-3.9148
-37.7284,-27.6379,5.3999
-44.4369,-21.3087,6.2076
-40.7746,-27.6998,-5.4485
-40.2005,-29.3949,1.7194
-44.5708,-25.2966,5.9008
-43.9945,-26.2123,-13.9138
-44.2446,-29.3883,-5.8092
-44.5655,-29.6968,-1.5684
-47.0671,-27.4505,1.3520
-50.1398,-26.3131,4.2254
-52.3741,-25.7122,7.0006
-45.0129,-33.9997,-15.6079
-47.1136,-35.2916,-15.2051
-47.3489,-36.9444,-15.0302
-45.8053,-38.7990,-15.5707
-53.7563,-32.3032,6.2784
-51.9812,-35.7757,2.5270
-48.7955,-39.5868,-2.3501
-45.4423,-44.0770,-8.9496
-45.8494,-41.4872,-0.3534
-44.7686,-41.2955,2.6974
-42.7429,-44.3817,1.6552
-40.8393,-46.8878,2.9297
-21.3825,48.4463,64.5177
-22.6482,64.0297,55.3557
-28.6025,79.8593,26.4113
-3.8965,60.8059,28.9778
-17.6340,76.6286,31.5834
-20.7952,88.0901,23.5247
-26.0138,69.3160,40.3728
-20.5989,58.6620,62.4980
-22.6711,85.5697,22.6704
-21.9916,65.7734,49.1085
-20.2042,53.1082,63.2143
-28.1526,81.8619,30.1207
-19.6173,65.0091,56.7069
-18.4721,48.7476,66.6499
-26.3433,72.6997,41.5996
-17.7093,60.0098,62.7946
-20.6635,85.5826,26.8774
-19.4708,67.1248,53.2141
-17.2482,51.6203,63.8272
-27.4857,77.0238,39.9903
-15.9222,62.3487,61.4054
-18.1824,86.5488,28.2786
-17.9062,68.3292,53.1724
-15.3269,52.1931,64.3372
-25.2563,75.6196,44.7150
-14.1122,60.5375,62.1300
-20.7513,85.8425,34.0787
-14.3850,67.8794,56.6664
-12.8058,50.6970,69.4681
-17.2754,70.7996,50.2692
-13.1172,54.3009,62.1677
-22.4792,76.3790,47.0604
-12.1775,59.9639,60.5721
-21.4954,83.2372,41.1675
-11.1333,64.5744,58.3837
-15.0451,85.6910,37.4938
-11.0644,68.6792,55.5162
-9.2305,48.9364,69.2498
-11.3149,71.1304,52.7853
-8.1510,51.7721,66.9874
-11.6880,72.0321,50.8600
-7.7546,52.7614,65.1394
-11.4771,72.3618,49.8666
-7.1969,52.7284,64.3154
-10.3600,72.3703,49.8651
-6.4542,51.5393,64.4958
-8.5128,71.2880,50.6603
-7.4023,48.6472,64.5210
-7.8865,67.5973,51.8870
-18.3306,78.1333,35.8448
-7.9793,62.7499,53.3419
-17.4875,72.4478,40.0179
-8.1945,57.5815,55.1870
-10.7517,71.9131,44.4457
-5.4598,51.0777,59.5713
-7.0613,66.0357,49.2197
-17.2964,70.5574,37.7747
-7.7642,56.5278,53.1789
-6.4138,71.0646,44.6677
-19.1717,71.0437,33.8710
-7.1004,57.5745,50.6732
-5.7075,70.1968,43.3901
-16.6315,67.1778,35.6597
-8.0062,53.9875,50.9226
-6.7002,62.2500,45.5659
-7.2603,70.7195,38.6228
-15.5203,65.1983,34.1605
-7.7294,51.4019,49.5601
-7.4025,55.3601,45.6506
-6.7108,59.1290,43.1785
-5.9562,61.9453,40.8361
-5.2456,63.5189,38.8736
-5.0102,63.4623,37.7920
-5.4536,61.6407,37.7326
-6.4670,58.3058,38.4304
-9.3224,54.2040,39.3456
-11.8724,49.6591,40.9130
-4.3602,61.0748,31.7116
-12.4289,51.2403,36.6622
-8.3695,54.5733,32.6768
-9.4860,53.1988,31.4895
-13.4734,46.3729,33.3738
-10.2164,44.3388,33.3111
-36.7863,77.4170,30.3162
-47.0397,60.1508,42.1426
-25.7767,85.1079,20.3881
-38.1215,74.6169,37.2980
-47.8886,55.7177,45.5270
-30.2278,77.9386,19.0271
-41.1237,68.6008,41.3494
-48.2864,50.2025,46.1984
-35.2268,73.7558,25.7212
-43.6556,61.5662,43.4344
-47.8207,44.7066,44.5550
-36.4642,71.7045,37.8736
-45.1810,54.0832,46.8404
-31.9476,73.1402,22.2027
-40.4157,63.8050,43.7041
-45.8538,46.6702,44.6442
-35.2648,69.7696,35.5606
-43.1002,54.4353,46.0667
-31.3340,71.6819,24.3689
-39.2792,61.9578,44.0632
-44.3917,45.3408,43.8488
-34.8047,67.5327,39.1153
-42.0027,51.5951,45.3717
-32.7939,66.5007,29.2476
-39.4447,56.7276,44.0715
-29.9130,74.1075,28.5656
-36.6434,61.9906,44.3973
-41.7778,45.4237,42.9671
-33.5196,65.0652,41.2304
-39.9464,49.3871,43.9445
-31.3389,64.1722,36.4081
-37.9003,52.0456,43.4828
-29.3496,63.9321,33.9352
-36.4092,54.0748,43.3338
-28.1673,66.2126,34.4448
-35.1018,55.5624,43.9977
-27.6977,68.0729,35.9173
-34.0836,56.2814,44.7365
-27.0602,68.4965,37.4584
-33.2287,56.0992,45.1863
-26.1785,67.4968,39.0059
-32.5181,55.0855,45.1793
-25.2551,65.3378,40.8055
-31.8706,53.3856,44.8871
-25.3353,63.2236,43.4403
-31.8645,50.9990,45.0517
-27.4443,62.8725,47.1288
-33.1307,47.9453,46.1968
-29.5292,60.2448,50.4844
-35.2702,44.0297,46.6051
-28.8248,54.7404,48.8734
-24.2454,63.7880,49.4417
-31.7666,49.5433,49.2880
-27.4388,59.1991,52.1819
-35.9886,43.4490,49.5618
-29.7387,51.7354,51.2956
-25.8429,60.2027,53.8277
-36.1778,44.4203,52.0242
-30.3526,51.3551,53.3954
-25.0077,57.7658,54.3609
-36.8947,41.9505,52.7784
-34.5711,48.2286,55.7780
-29.0499,52.4175,56.2547
-24.6074,56.7366,56.5558
-21.5992,60.8672,57.2689
-37.0997,43.5291,57.8942
-36.1359,46.6858,59.9608
-34.3039,48.7237,60.9090
-32.9470,49.6364,61.6911
-32.4177,49.6057,62.6785
-32.5482,48.4106,63.7060
-32.9298,45.8254,64.3254
-32.1997,42.7190,62.8886
-22.9703,53.8743,64.1939
-27.3686,47.7292,64.6896
-28.0729,41.6584,61.8209
-26.4693,44.0510,64.5621
-24.6259,43.5082,64.1622
-21.7089,45.1921,65.5175
-26.2609,87.7881,20.6236
-37.9100,80.8435,3.8467
-49.0210,60.7034,-1.1495
-30.2118,88.3499,17.0860
-45.2287,78.1227,5.2277
-55.2780,57.1776,-3.3404
-32.4415,85.7583,10.5076
-46.4972,70.1475,4.4304
-58.1003,48.7029,-4.6676
-36.4867,79.4428,7.2761
-45.7460,62.1063,2.5031
-30.9725,84.3770,17.8448
-46.5267,75.3332,8.4597
-55.4257,56.3269,-0.8527
-36.7692,81.4377,10.4446
-44.8478,65.4103,5.9878
-62.4578,44.4804,-2.7728
-44.7355,74.1940,10.5557
-53.9314,57.1695,1.6846
-39.1196,80.4879,12.6187
-44.9905,64.0871,7.3553
-32.8787,79.1267,18.2829
-48.0786,71.2001,12.4885
-56.9812,54.7740,1.8886
-42.3492,76.1586,14.7990
-47.6213,59.2807,6.1548
-39.0772,81.3988,18.4532
-45.3046,64.1908,11.1873
-63.2334,46.0597,3.1459
-47.4736,68.2443,15.1920
-58.5520,53.3101,4.1223
-46.4927,72.3857,17.9120
-52.7712,56.3222,6.1655
-45.1666,75.7202,20.5519
-48.0647,57.3885,8.3607
-43.5013,78.1296,23.2935
-45.2510,57.9978,10.6887
-42.0164,79.3018,25.7745
-44.0657,58.4487,12.5649
-41.3618,79.2886,27.7034
-43.8868,58.3749,13.6871
-41.8441,78.1084,28.9442
-44.6402,57.7821,13.9071
-43.2128,75.7030,29.1655
-46.7738,56.9074,13.2710
-44.7453,72.4210,28.1522
-50.3426,55.8430,12.2290
-45.4793,68.2598,26.0707
-55.2246,53.8585,11.7374
-45.5306,63.4744,23.3911
-55.4781,48.0530,11.2872
-47.6139,59.1542,19.4419
-44.8984,69.9289,31.5638
-53.4595,55.6928,15.3914
-47.6992,63.0695,25.5507
-42.5308,71.1137,37.7351
-52.1833,57.7150,19.3561
-48.3907,64.0590,28.5593
-51.8843,48.6984,15.3988
-52.6227,56.5908,21.0015
-50.2284,61.8298,28.4018
-45.6695,65.8433,36.0146
-51.1904,52.4233,20.1645
-51.4039,56.5474,25.2111
-50.6083,59.7114,30.5676
-48.2764,62.0502,34.9361
-46.0500,63.1931,39.1237
-49.2315,50.7082,23.2031
-49.7094,52.0153,25.6113
-50.0278,52.6084,27.4486
-50.4060,52.5684,28.5365
-50.8739,51.9155,28.7973
-51.2913,50.6381,28.1398
-48.6180,57.2098,42.7565
-50.8494,55.0334,39.1776
-53.4264,52.1849,34.2227
-51.6784,53.7050,42.3416
-55.3577,49.8136,33.4601
-51.3638,50.4270,44.5599
-54.0741,47.1900,38.6738
-54.9081,4.2378,39.0670
-60.3092,1.8591,17.4145
-48.5084,12.7835,16.5379
-55.9708,39.7957,41.6358
-53.5842,31.9852,31.0606
-37.1925,27.2875,21.1311
-59.9836,36.3288,40.7092
-49.3898,30.0412,27.5854
-35.7961,21.3481,19.1049
-59.0903,31.6976,36.7828
-45.3036,28.6739,22.0252
-55.3827,37.8426,45.6990
-54.6376,29.4101,31.1647
-40.8253,23.4936,19.9969
-60.1647,31.6940,41.1619
-49.5398,27.4034,24.0925
-53.2962,36.8188,48.0759
-57.2835,28.0531,32.0992
-44.2270,22.1249,19.6646
-60.5354,29.5213,42.0362
-51.2965,26.2250,22.5451
-54.1118,33.7637,48.4604
-57.7394,26.5533,29.2233
-45.1011,18.5104,17.8586
-62.1246,25.9796,37.3031
-50.4183,22.4361,19.3016
-58.7904,27.0544,45.3970
-55.4675,24.7234,22.6288
-53.3012,30.8324,46.9642
-60.0402,24.6047,27.1399
-48.0321,14.9501,16.5150
-63.2800,22.9933,31.7902
-51.1999,17.2564,17.2144
-62.4393,21.4190,36.4241
-53.8921,18.6620,18.2512
-59.8863,21.8975,38.9906
-56.1771,19.3474,19.2180
-58.0470,22.6853,39.8042
-57.8712,19.3591,20.0436
-57.0101,22.8361,39.5341
-58.9856,18.7599,20.4989
-56.6852,22.2514,38.5197
-59.7738,17.7522,20.2716
-56.9287,20.9843,36.7931
-60.3716,16.3273,19.1288
-57.4562,19.2832,34.3311
-60.4218,14.1184,17.0112
-57.6978,17.3232,31.2491
-59.2752,11.1074,13.7996
-59.1788,15.2056,28.0839
-51.9798,21.4520,38.1584
-63.4668,13.6758,23.9992
-55.6683,16.7435,34.9543
-64.8182,11.1998,14.4832
-60.3237,12.8551,29.9913
-53.8635,18.1264,38.8436
-66.5424,9.7955,20.3780
-60.3167,12.0277,32.9159
-54.7859,17.1418,40.5701
-66.1220,6.4190,19.8277
-63.2917,8.9530,32.3472
-58.3711,13.1777,39.4436
-62.3222,3.5858,14.6164
-62.1718,5.4714,22.7752
-60.8429,5.8184,30.9863
-58.7700,7.6164,37.3409
-57.1374,9.7439,41.5797
-55.9157,11.1990,44.3162
-58.5111,2.4751,19.4528
-57.0943,3.2841,20.3546
-56.4326,3.0015,21.2705
-57.0168,1.8288,22.4639
-50.5423,12.8009,37.8325
-49.6850,11.2126,31.9648
-49.2301,7.4673,26.6193
-55.9394,2.2213,27.5891
-47.6616,6.6605,29.0680
-45.3122,8.0809,31.2880
-49.3018,6.9762,33.6553
-51.7530,6.1116,37.5488
-46.2793,-3.2922,39.6548
-43.2187,-20.0265,32.2681
-40.4923,-42.8177,15.8871
-42.5475,1.8524,14.9438
-53.2959,-23.7795,10.1553
-39.7311,-45.0412,7.8990
-44.7699,-5.9323,6.0772
-52.7346,-31.5141,12.0587
-39.5455,12.8548,20.3083
-49.1691,-16.8542,1.6402
-43.8420,-36.8321,10.4720
-44.5362,3.1393,12.9973
-54.6061,-22.2622,13.0799
-39.7622,-43.8377,11.1910
-48.0477,-9.6667,0.1940
-47.1183,-32.6385,13.9056
-44.7458,6.6345,13.3853
-54.3717,-19.4046,12.7354
-39.7429,-41.0234,13.3024
-50.1207,-9.4622,-0.7903
-45.6371,-31.5028,15.6018
-46.9618,4.6102,9.7803
-55.0980,-20.6432,18.2878
-45.4173,13.1207,17.8991
-53.5054,-14.4526,5.1950
-41.6754,-34.6378,16.6566
-52.3746,-4.3774,2.0692
-46.7742,-27.2309,18.9488
-49.4974,4.6740,7.8683
-52.9868,-19.8484,21.6453
-49.6608,9.6285,14.4370
-53.2538,-14.8677,14.7913
-42.8024,-37.2843,19.7913
-52.4242,-12.1732,9.0017
-42.7679,-32.9485,20.7803
-53.6138,-9.9790,6.3710
-42.4892,-29.4970,21.4391
-55.8839,-8.9494,5.8554
-42.7760,-27.2023,22.3478
-56.8809,-8.4660,6.4855
-42.7842,-26.0294,23.2465
-56.1292,-8.5158,8.0072
-42.6979,-26.0338,24.1895
-53.7397,-8.3787,10.4906
-43.4276,-27.0996,25.3328
-50.6763,-8.8538,14.2695
-45.2042,-29.0981,26.4015
-47.8465,-10.8300,19.7314
-58.0984,3.8556,10.0406
-44.0383,-14.1316,24.8893
-59.7950,-5.7542,11.9401
-40.9219,-19.7535,27.0704
-50.9949,-7.4765,18.1929
-61.3690,4.5385,9.9324
-41.9640,-11.7973,25.2383
-57.7831,-8.5410,16.6679
-42.4071,-20.3088,30.0604
-43.0695,-8.9742,24.5285
-58.3452,-8.7305,18.7857
-42.0064,-18.9992,31.0615
-39.6961,-9.2451,26.5760
-51.9444,-7.2520,23.5338
-61.3584,-4.2447,19.5671
-38.9359,-14.5246,31.4786
-38.6397,-7.7297,28.2940
-46.4271,-6.1594,27.0351
-52.8863,-7.6355,26.9216
-57.9218,-8.9826,27.0016
-60.8241,-6.2999,26.3507
-61.1684,-4.1870,26.2942
-60.9728,-4.3199,27.5579
-59.6404,-6.5038,30.3188
-54.6784,-6.8560,32.1763
-48.6410,-4.2441,32.7257
-41.7788,-3.6001,35.0833
-56.6056,-4.5005,34.9467
-43.9610,-3.0429,36.7776
-48.0009,-2.5666,37.4729
-57.2678,2.2731,37.3864
-55.1629,-0.6469,42.7788
-27.5346,-53.9655,-0.9807
-5.4000,-56.3302,-10.2928
-3.4795,-12.6082,-9.8127
-31.0004,-4.4933,-21.8282
-43.6613,-43.7361,-14.7161
-29.9861,-22.1988,-12.8656
-38.8914,-52.5594,5.0060
-40.2541,-36.4690,-12.4494
-30.8158,-14.9637,-14.7819
-40.8327,-51.7681,-2.9753
-38.0955,-31.1491,-16.6861
-39.8084,-46.9598,-13.4751
-31.7698,-21.0464,-17.8527
-37.3515,-55.8582,2.2582
-35.5974,-35.9323,-9.5474
-38.8331,-51.7190,-11.6510
-31.6634,-26.2187,-20.8626
-35.0792,-56.6958,0.7977
-32.4947,-36.0542,-8.8495
-33.6191,-45.2292,-12.9619
-27.3082,-17.3587,-20.4154
-35.1575,-53.9285,-12.5781
-27.0767,-27.3447,-19.8415
-35.1459,-59.2874,-7.2046
-27.0781,-31.3862,-13.6702
-31.7447,-57.4361,-3.5942
-26.4250,-34.2207,-11.1608
-29.0052,-54.5324,-1.3017
-27.0487,-37.5674,-12.5702
-26.7906,-38.6521,-14.1762
-25.8241,-38.5857,-15.0095
-24.8211,-38.4829,-15.7980
-24.4017,-56.3450,-4.2759
-23.3107,-36.6999,-16.3856
-23.5382,-59.1542,-7.1017
-21.4765,-33.1818,-17.2437
-22.6802,-61.4636,-13.0603
-19.2035,-26.5861,-20.2970
-19.5693,-53.6599,-15.2904
-16.1428,-15.0898,-23.5460
-18.2019,-47.1766,-16.9690
-20.4317,-7.5127,-15.7816
-17.5813,-38.3557,-21.8748
-15.7539,-62.0383,-15.4806
-12.6082,-23.4308,-25.1186
-14.4078,-49.6415,-21.4756
-18.3535,-7.3003,-16.4529
-11.8536,-33.3724,-24.9342
-11.2661,-56.2198,-22.3472
-14.6464,-14.1402,-17.2535
-12.1390,-38.0985,-21.6362
-8.4005,-54.3448,-23.0763
-14.7277,-10.6358,-17.7842
-12.4468,-31.7413,-18.5147
-8.6465,-46.1044,-20.6832
-5.0047,-56.4700,-18.3658
-12.0416,-15.5778,-15.2406
-10.4198,-28.7040,-19.4128
-7.0950,-37.4165,-24.5796
-3.8205,-43.5202,-27.4001
-2.5842,-46.7374,-21.7459
-4.2227,-47.7702,-16.9021
-5.5102,-47.5080,-15.0830
-5.8338,-45.9385,-15.1302
-5.3109,-42.8389,-16.6429
-4.1646,-37.8804,-19.2804
-3.2572,-29.6414,-21.7927
-3.9036,-16.9361,-20.4009
-4.4348,-34.4887,-15.0507
-4.2531,-16.2644,-15.1064
-3.8118,-19.6863,-13.0985
-3.7813,-29.5303,-9.9654
-62.7855,30.5152,-13.6072
-54.2697,4.5880,-29.0220
-35.0624,-20.5737,-37.5894
-32.0675,31.7584,-16.1470
-27.6296,10.5826,-33.4126
-28.2410,-9.5956,-30.1095
-27.2401,54.7943,-13.4754
-46.1223,46.7978,-13.0387
-60.5348,41.4529,-8.8713
-46.5301,-4.7854,-36.8357
-61.2762,20.0437,-19.3724
-29.6389,-17.9053,-34.0632
-49.3754,2.7038,-30.9436
-60.2328,28.3203,-15.6504
-36.0314,-11.9591,-39.8641
-54.5185,11.6488,-25.8424
-60.0164,38.6583,-12.5194
-44.1773,-2.9458,-37.4266
-58.3534,22.1400,-20.2595
-28.4215,-13.8062,-39.8814
-51.5725,7.7537,-30.9769
-58.4975,35.3227,-15.3265
-41.1178,-3.6466,-39.7275
-57.3554,21.0647,-22.6197
-26.8614,-11.1417,-40.6555
-53.2234,8.5896,-33.4327
-58.3845,37.8181,-16.3617
-43.7533,-0.6704,-42.5179
-58.3708,26.0937,-21.9838
-32.1781,-6.3384,-42.3840
-56.8933,15.6283,-30.7672
-22.1900,-6.4899,-37.9227
-50.9434,8.6981,-40.3374
-58.0933,37.9625,-19.4256
-41.5948,4.0785,-44.8677
-58.3043,30.6367,-23.4821
-33.7280,0.4434,-46.0479
-56.7713,24.4006,-28.0833
-28.3098,-0.7596,-44.5361
-53.2972,20.0744,-31.4209
-27.0611,-0.8010,-40.5701
-49.6711,17.3022,-33.1610
-26.3690,0.1291,-38.0684
-47.2002,15.6959,-33.2528
-52.2229,46.7300,-17.7038
-46.0308,15.1748,-32.0332
-51.2299,46.4255,-16.7667
-45.9050,16.1260,-30.1167
-27.9341,3.2746,-35.7599
-46.4831,18.8591,-27.7449
-30.1612,4.7416,-36.2152
-47.3871,23.7049,-25.2065
-32.6225,7.6857,-38.4111
-48.1323,30.6459,-22.5965
-37.8090,9.1221,-33.8999
-47.3600,38.3775,-18.7978
-42.0845,14.4050,-25.7612
-29.2226,8.3695,-33.1658
-44.7769,26.7928,-21.7985
-37.9216,12.2541,-33.6847
-45.3363,40.2217,-19.3742
-42.3850,21.8045,-22.4966
-35.7884,13.2076,-32.6971
-44.2327,39.5917,-21.8544
-41.4624,24.6007,-22.9153
-37.5232,16.0586,-30.5233
-43.5468,45.2942,-21.1331
-40.2073,34.0635,-22.4401
-39.2190,25.0192,-26.8655
-36.8112,18.5450,-27.2308
-39.9744,50.3073,-20.0154
-37.1143,43.3078,-20.9118
-34.3082,38.3567,-22.5301
-32.0202,34.7039,-24.1390
-30.8381,32.5513,-23.9757
-30.2648,32.2958,-22.8106
-29.2200,33.7453,-21.0842
-27.4228,37.0345,-18.7138
-26.0312,43.0147,-16.1224
-27.0679,52.3983,-14.7638
-34.4109,34.5893,-16.2371
-28.7732,47.4794,-11.7275
-33.4737,41.2258,-11.3674
-33.9319,42.9172,-9.0701
-32.3439,40.4827,-8.3345
-27.3449,48.9276,-6.7048
-16.4213,94.7064,3.4070
-10.1541,77.3363,-3.2416
-57.8612,47.2675,-7.5700
-45.3666,70.8082,1.1694
-30.3988,87.8034,7.7715
-56.1876,56.0244,-7.0909
-44.8920,79.8858,1.5262
-28.4155,91.6061,13.8934
-47.9272,61.5524,-3.0447
-35.0931,84.6988,1.5878
-58.3936,46.4035,-10.5964
-45.0359,72.1714,-1.6743
-29.3427,91.0679,6.1726
-52.2073,58.4818,-7.3814
-38.8177,84.2727,-1.3797
-23.4318,94.2814,16.5515
-44.8951,70.1277,-3.6529
-29.7534,92.3495,3.3615
-51.3044,57.8084,-8.4268
-37.3416,85.9249,-3.4010
-20.8728,94.9783,15.4138
-44.8987,74.6175,-5.5560
-26.9455,95.2676,4.0346
-46.1903,61.4627,-6.9585
-32.1274,91.5838,-2.9687
-52.5543,54.5296,-12.9189
-38.2335,85.7250,-7.4692
-19.1598,97.9149,11.0032
-43.7402,77.2421,-8.6326
-23.7801,98.3403,2.7421
-44.7789,68.0226,-8.7810
-26.9347,96.3533,-3.6672
-44.4136,61.1152,-8.8354
-28.6773,94.1539,-7.3130
-45.5846,56.3175,-9.4853
-29.8181,91.6738,-9.4495
-46.5900,53.6834,-10.5365
-30.0436,89.7535,-10.8520
-46.5887,52.4312,-11.0399
-29.2897,88.8808,-11.3555
-45.5126,52.5596,-10.7384
-27.5364,89.0692,-11.0379
-43.6780,54.7347,-10.6254
-24.9848,90.4576,-10.4103
-42.8953,60.0256,-11.7983
-21.8946,92.8851,-11.2237
-41.8918,68.3705,-13.3636
-17.9199,96.2062,-10.3472
-35.2073,77.3654,-13.0087
-18.1024,93.5430,-1.2270
-25.4528,84.7877,-11.6090
-43.2320,58.7617,-14.6607
-18.3105,90.5212,-8.6648
-33.6637,75.4158,-12.7843
-15.6014,91.8002,-2.3138
-20.7354,85.4668,-8.6917
-34.8813,70.8110,-14.2113
-11.3963,93.6146,-5.9668
-19.1373,84.6057,-9.9433
-31.0565,73.6543,-12.1600
-40.7693,56.0226,-18.4064
-13.1577,87.5500,-10.1223
-21.4088,79.4885,-10.6002
-29.1293,72.7048,-10.7309
-33.7734,62.1374,-14.7011
-5.9454,87.4391,-10.2808
-10.3242,84.1986,-10.4077
-13.1671,80.7009,-11.3226
-15.5995,78.0878,-10.7074
-16.4157,76.7385,-9.9565
-15.4643,76.5131,-9.3245
-13.0312,77.3682,-7.9545
-10.5068,78.1861,-4.5208
-28.9526,63.2908,-7.3234
-20.2703,70.2095,-6.4620
-29.9911,58.8577,-7.5022
-15.5558,69.7070,-6.5987
-15.7759,67.7233,-6.8474
-21.4935,61.5397,-7.9073
-19.7071,59.2294,-7.8542
-4.2216,86.7753,-6.8851
-14.7337,96.7411,12.3738
-12.0026,67.6931,-4.7989
-11.4519,90.0023,-1.3268
-18.9163,92.5397,17.2439
-8.5405,74.8727,0.1080
-12.7720,94.0814,4.8736
-18.4922,57.5289,-6.4255
-4.6867,84.3254,-1.1571
-12.5505,93.6887,13.3285
-9.1066,68.9508,0.2336
-12.8406,89.9311,4.4619
-18.1229,90.4238,23.2977
-4.2398,80.4162,2.5370
-9.2387,93.1832,13.6240
-7.8907,66.8705,1.7652
-11.1668,88.4791,6.6348
-16.5149,89.3947,25.7378
-10.0077,80.3219,3.3939
-9.9396,89.9221,17.5571
-3.7901,69.0738,7.0906
-4.7949,88.1320,8.9849
-8.9655,60.2244,1.2291
-12.9491,83.3182,9.3966
-12.0226,88.5967,26.9868
-14.6614,77.3648,5.2443
-9.0533,86.0984,22.0312
-9.8691,71.8821,8.3013
-5.8950,84.6716,18.7492
-8.9269,65.6647,7.7220
-5.5894,82.1035,15.1060
-10.8189,61.6859,5.8027
-4.4402,79.5784,13.0433
-13.4721,59.3588,4.6581
-5.5039,77.2157,12.9752
-15.7396,58.3723,3.7316
-5.5041,75.4044,13.8917
-17.6352,58.7804,3.2742
-4.1732,73.9813,15.1766
-19.4595,60.6033,3.1144
-3.3543,73.1438,18.8412
-21.4805,63.7107,3.4021
-5.0981,73.4955,23.8050
-22.5612,67.2864,6.0012
-8.4473,75.0266,28.5728
-16.3682,66.7853,10.8083
-12.8898,78.1270,32.4406
-8.6489,64.7527,14.5131
-27.5136,59.5725,3.8766
-11.9964,71.2026,23.7336
-18.5709,63.8865,7.8776
-17.1665,76.4298,30.4216
-14.6197,66.2673,18.7931
-23.0605,61.5679,6.7990
-18.9831,73.7929,28.1470
-18.7969,66.5937,17.8999
-22.4578,60.7664,10.6150
-22.4995,53.5195,6.7125
-21.8909,67.5104,23.3176
-23.8879,61.7203,18.1065
-22.1151,57.0632,14.8847
-18.4740,55.0673,11.0103
-18.4614,63.8519,30.9359
-19.6048,61.6390,27.1493
-19.4175,60.1374,24.6568
-18.2332,59.1518,23.5780
-16.5124,59.1330,23.2824
-14.5777,60.2616,23.7514
-12.3907,62.4999,25.1714
-9.7847,65.5692,27.7544
-5.4205,57.4760,13.3481
-4.3028,61.2339,19.9108
-5.1242,52.2443,16.7575
-4.5474,57.4570,26.7201
-6.9211,55.0206,28.1950
-8.5660,50.9220,27.8309
-29.5283,-8.0108,-28.5040
-24.7831,10.5711,-34.3038
-30.5729,30.9763,-17.0203
-22.6910,-5.1079,-30.7187
-25.1717,16.9262,-30.8068
-29.1027,38.2400,-10.8349
-19.2649,1.3102,-31.7909
-25.3658,24.2178,-25.9229
-30.0759,-4.2122,-23.0779
-18.0158,10.0266,-28.5600
-25.9793,31.6316,-17.4011
-18.6390,6.7046,-26.3692
-23.4581,29.6309,-20.3902
-20.5198,9.9951,-24.6304
-22.5571,31.7577,-18.0319
-22.7563,15.5998,-21.6035
-22.1131,36.6308,-12.8463
-21.3765,22.1556,-17.5977
-18.2379,31.0988,-15.4075
-19.6269,30.4791,-9.2905
-9.3121,-6.1803,-15.5046
-14.9035,-37.2013,49.4083
-24.7093,-49.7307,28.9389
-36.7761,-52.5498,13.3820
-23.2360,-56.4914,-2.2315
-7.5655,-51.3121,-9.2695
-33.6452,-55.1089,7.7226
-9.8148,-66.6323,-8.2449
-7.1980,-37.0930,-8.7732
-23.1509,-57.7880,0.1438
-7.9497,-51.8931,-6.7390
-30.6639,-53.2832,7.9035
-5.9246,-66.5136,-4.3054
-3.9862,-35.3860,-5.9398
-20.5394,-64.7816,-0.6734
-8.8052,-46.2036,-5.4945
-24.3123,-57.6680,4.7733
-8.1643,-54.2493,-2.4210
-28.1138,-52.3322,9.8349
-6.4641,-63.0771,0.3797
-32.9631,-51.5698,14.7488
-12.0605,-67.9853,2.4359
-7.0010,-41.6423,-2.6498
-18.4821,-66.1012,4.8966
-10.0156,-45.3349,-1.5098
-21.9170,-64.5281,7.5780
-10.3459,-48.6082,0.3352
-24.4256,-61.7810,10.3961
-9.6109,-51.7021,2.7729
-24.7066,-59.6231,12.5649
-9.0043,-53.4671,4.7751
-24.9241,-57.2646,14.5043
-8.2329,-55.2444,6.6235
-24.9490,-56.3262,15.9162
-7.8790,-55.6118,8.0332
-24.9926,-55.3225,17.2406
-7.5980,-55.9586,9.4960
-24.8069,-55.7655,18.2968
-7.8290,-54.8451,10.5976
-24.6517,-56.0938,19.3852
-8.0492,-53.7478,11.6026
-23.8197,-57.6895,20.2314
-8.7801,-51.3955,12.0086
-20.7029,-59.3208,20.3927
-10.6393,-47.9293,12.0253
-15.5658,-60.4691,20.2142
-12.0616,-42.7963,12.3949
-7.9043,-63.2929,22.1054
-5.3565,-39.5548,16.5959
-6.4332,-54.3750,19.0271
-19.5960,-55.9733,25.0102
-10.2485,-45.4431,17.1070
-8.6953,-61.3565,26.6894
-23.9637,-51.0970,29.0186
-6.7328,-48.9729,21.4713
-12.1841,-58.0458,28.6908
-10.4936,-36.4405,20.1801
-6.2330,-47.4403,23.9873
-8.6296,-58.1451,32.5574
-18.8533,-50.8681,31.8013
-8.9401,-40.8230,24.6674
-6.1636,-48.4331,29.5978
-7.5114,-55.4234,36.9140
-14.3945,-50.3911,35.1570
-18.5978,-46.8017,35.6674
-7.8640,-37.1439,29.3317
-6.3627,-39.3978,31.9666
-6.3464,-40.4649,34.1088
-6.3615,-40.1711,35.5920
-6.2615,-38.4912,36.4111
-6.0351,-35.4557,36.4702
-15.7871,-42.3486,44.1586
-9.1716,-43.2165,48.8446
-5.4712,-36.2608,44.3168
-10.8128,-39.0526,50.7200
-6.1682,-29.5417,44.8717
-11.8391,-33.9307,53.7589
-5.1471,-26.9246,52.5317
-37.3774,-51.7621,14.3622
-25.2033,-48.4482,30.0451
-15.7567,-35.7323,50.3270
-33.0889,-48.9848,19.1463
-21.8794,-44.2388,34.3146
-13.7646,-27.9238,55.9021
-28.1887,-44.6085,22.8054
-20.2078,-39.6607,41.2093
-39.3742,-47.9480,15.1059
-26.7495,-44.2720,30.9596
-18.9803,-33.2135,50.6108
-33.0343,-45.5869,23.0427
-22.2135,-38.8064,36.7415
-14.9304,-21.0902,58.2830
-28.4531,-41.5220,29.8558
-20.8759,-32.4930,48.1719
-34.3737,-43.9331,24.3406
-23.0945,-36.0598,36.9074
-40.5596,-43.3204,16.9098
-28.5604,-39.1622,33.0076
-21.5077,-28.3154,51.1321
-32.6169,-39.5219,27.3225
-22.4663,-31.4940,41.3191
-38.5795,-41.9436,24.4033
-26.0379,-33.4065,36.2211
-20.3450,-19.4164,58.7921
-30.2986,-36.0562,35.4653
-22.4734,-23.9060,52.2273
-32.8661,-36.2714,32.3925
-22.7407,-25.5282,46.2835
-35.3614,-35.9968,30.1623
-23.9084,-26.0726,42.3395
-37.9014,-35.9481,29.0255
-25.6661,-26.2437,40.6755
-39.9155,-35.3900,28.4917
-27.1328,-26.3583,40.8838
-41.1156,-34.4884,28.6922
-28.0128,-25.8686,41.7416
-41.4600,-33.2092,29.5574
-28.3282,-24.5068,42.8310
-40.9333,-31.6041,31.0510
-28.1469,-22.1129,43.9038
-39.6276,-29.8567,33.1837
-27.2325,-18.9623,45.4297
-38.2234,-28.2714,36.7309
-25.5460,-15.0052,48.1090
-36.5391,-26.7993,42.3193
-23.5090,-10.4307,52.1955
-32.9230,-22.5929,47.1354
-43.6177,-25.8278,35.1602
-29.1428,-15.2239,49.4296
-39.0239,-23.8503,42.7982
-45.0770,-23.4633,31.9547
-32.7544,-17.6649,50.5381
-41.5220,-21.8976,41.0280
-26.8167,-6.8787,52.7679
-33.7930,-15.9742,52.4808
-41.3628,-19.4264,43.5717
-42.9723,-18.6911,35.2609
-31.8185,-9.6382,55.8407
-37.7775,-15.2830,52.3391
-42.0041,-16.0096,44.4956
-41.9953,-15.4289,38.6615
-40.4053,-14.4857,35.0011
-33.4963,-4.8066,57.2583
-36.0741,-6.6610,57.5167
-37.8339,-7.3780,56.4261
-38.4959,-6.9262,55.5548
-38.4053,-5.3665,55.4263
-37.3862,-2.8300,54.6290
-39.2803,-7.5610,37.7177
-40.2663,-7.3868,42.9753
-41.5658,-4.9058,49.7510
-42.2462,-5.4079,41.2647
-41.8590,-0.7908,47.5456
-46.5384,-3.6544,40.7788
-47.8326,-0.4093,46.8060
-37.8529,-10.2439,-24.3235
-41.6721,8.4019,-11.6488
-35.7471,20.1056,5.3561
-42.5436,-8.5692,-20.9979
-41.3448,12.5291,-8.1391
-33.3302,23.2900,10.7394
-45.4022,-3.5379,-16.0080
-40.5275,17.9444,-3.3584
-36.1260,-16.2413,-28.1643
-46.2723,3.8338,-10.4749
-38.2077,22.9801,3.5446
-44.4656,-12.9423,-18.8166
-45.3843,12.2418,-4.5832
-35.0398,25.9044,13.7317
-48.4799,-2.4307,-10.4107
-42.0171,20.1696,2.8248
-45.4558,-17.7036,-19.2668
-48.2750,9.7093,-3.0456
-35.5828,-21.7856,-34.6887
-50.0824,-3.4180,-7.4565
-43.1733,18.3535,6.7530
-49.9204,-16.5864,-14.5402
-48.5644,11.3374,1.2186
-44.0821,-18.2232,-29.3753
-51.8375,1.9564,-2.3133
-44.4387,24.1834,11.0662
-54.2167,-8.1049,-5.0979
-48.5472,17.5468,8.5813
-54.6434,-12.9716,-13.7187
-51.6606,12.2226,5.8264
-50.1925,-12.4174,-22.1152
-54.6099,7.7206,3.2477
-46.4775,-11.7921,-27.3694
-57.4122,3.8797,1.8477
-45.5877,-11.5436,-30.6840
-60.2127,0.9101,1.0783
-46.1868,-11.4484,-32.2872
-62.2303,-0.1331,-0.5617
-47.4092,-10.9390,-32.2186
-62.9906,0.9331,-1.9354
-48.6471,-9.6414,-30.4233
-63.7754,3.1412,-1.5982
-49.2669,-7.1006,-27.1677
-64.7782,6.1853,0.6289
-49.0463,-3.1528,-22.6447
-64.7028,10.3691,4.2544
-51.0326,0.8367,-16.7024
-63.1277,15.9079,7.8948
-55.6515,4.7713,-9.6622
-54.5897,-6.1798,-26.7144
-61.6678,10.4361,-4.2084
-48.7449,3.4747,-19.1047
-52.3874,-0.6446,-32.4129
-54.7424,9.5302,-8.0424
-51.7733,2.6895,-20.9368
-64.5521,17.9717,-0.3948
-52.2974,11.6685,-8.7650
-51.4970,6.3973,-18.9185
-59.5474,2.3757,-26.8972
-54.1147,16.3217,-4.4083
-47.7315,13.3241,-13.0658
-54.2370,8.8764,-16.8439
-62.5924,3.8575,-18.1868
-59.5859,8.9254,-24.9333
-49.2883,20.2675,-4.6335
-46.6648,19.7961,-8.0811
-47.4542,20.1419,-10.1591
-48.6758,20.7584,-10.2924
-48.8931,22.0450,-9.4088
-47.8472,24.1944,-7.7693
-63.7801,17.8802,-18.5014
-66.2911,17.1728,-9.7688
-57.4655,23.8704,-7.4847
-66.4272,22.6380,-12.5309
-56.4134,29.0679,-5.0985
-64.0756,29.0573,-13.3302
-65.2245,31.5641,-3.6792
