6.3792,-0.1423,-2.1087
6.4101,-0.1526,-2.2119
4.5289,0.3267,-1.6252
-4.0362,3.8180,-1.0858
0.8964,-0.0723,0.3998
1.5588,-0.1605,1.7113
2.5392,-0.1535,1.0124
5.8097,-0.1285,-1.4340
1.7889,0.0908,0.4171
5.4211,0.0479,-1.6399
3.5034,0.2537,-0.8222
4.1396,0.3909,-1.5599
2.7556,0.7815,-1.4104
2.1341,1.0730,-1.5279
2.3222,1.2485,-1.7881
-2.8277,0.4294,-0.5569
-1.7245,2.5016,-1.3311
-3.4209,2.3578,-0.8979
-3.9935,3.6070,-1.1444
-3.8746,3.2505,-1.0811
-3.7825,3.0205,-0.9408
-3.1310,2.6246,-0.6172
-0.9942,0.1421,0.5001
-4.2124,4.2127,-1.1892
-3.6702,3.5379,-0.8327
-4.3709,4.5504,-1.2562
-4.4011,4.6786,-1.2733
-4.1096,4.7464,-1.0550
-4.1310,4.9444,-1.1532
-0.8849,-0.3552,1.8257
-4.5287,-2.1826,-0.2313
5.9103,-0.2859,-2.3206
3.7202,-0.2344,0.9783
6.3113,-0.1198,-1.8782
-3.1884,-0.7800,0.7429
-3.0123,-1.0034,1.4933
5.6525,0.0424,-0.4595
-4.4074,-1.9935,-0.7069
0.8343,0.3299,1.5258
5.6800,-0.1676,-0.5777
-4.5578,-2.1957,-0.4849
5.5462,-0.2043,-1.2666
-2.4208,-0.8595,0.7609
-2.6592,-0.8189,1.7016
3.9293,-0.0780,1.0790
-4.6383,-2.2461,-0.8117
4.7645,0.1333,0.8937
6.0191,-0.2616,-1.9416
-2.8148,-0.9651,1.5423
2.1102,-0.1708,1.8000
-4.5561,-2.1424,-0.5814
4.2661,0.2539,1.5560
5.8535,-0.2746,-2.1247
-2.2596,-0.6984,1.8786
1.5931,-0.2921,1.7412
-3.7504,-1.5762,0.6286
0.7120,-0.2608,1.9591
-4.3361,-1.9530,-0.1186
4.0019,0.3344,1.9069
-3.9176,-1.5787,0.4276
3.7326,0.3158,1.9730
-3.9593,-1.7065,0.4417
4.1897,0.2822,1.7194
-3.6390,-1.5099,0.7903
1.0652,-0.3237,1.8197
-2.4556,-0.8922,1.6227
-2.2787,-0.3546,1.7523
4.4838,-0.0084,1.2081
-2.0427,-0.7458,1.7543
-2.9806,-1.0833,1.4256
-0.2697,0.4438,1.7073
4.2590,-0.1737,0.9977
1.4250,-0.3873,1.4763
0.1362,-0.4058,1.6601
-0.0695,-0.3962,1.7014
1.2644,-0.3648,1.6354
0.4373,0.5725,1.9470
-2.0431,-0.7052,1.8080
-0.1121,-0.4059,1.7156
-1.4908,-0.6311,1.8482
-1.3042,-0.6122,1.7934
0.6014,-0.4522,1.5480
0.1377,-0.4380,1.3027
1.1896,0.5168,-0.5731
-4.2572,-1.5483,-0.1171
-5.1203,-2.6862,-1.4361
-5.2403,-2.8898,-1.7826
-1.8851,-0.5762,1.8173
6.2113,-0.1112,-1.6166
-2.6417,0.7665,0.9910
-5.0642,-2.5130,-1.2221
5.6514,-0.0214,-1.2691
-3.6055,-0.9016,0.6524
-5.0154,-2.5812,-1.2429
0.0770,0.5295,1.0209
-4.9166,-2.3743,-1.0565
6.0808,-0.0520,-1.4502
-3.2457,1.1264,0.4137
-5.1632,-2.7002,-1.5129
1.7138,0.3476,1.0073
-4.9323,-2.3477,-1.1056
5.9647,-0.0034,-1.1671
-2.9687,0.6635,0.8040
-5.1828,-2.7344,-1.6021
-0.4567,0.3380,1.7418
-5.1228,-2.6141,-1.4765
5.6548,0.0522,-0.6028
-3.5171,-0.6250,0.5291
-5.2159,-2.7632,-1.6958
-2.1357,-0.1874,1.7972
-5.2180,-2.7801,-1.6687
-0.7745,-0.0810,2.2095
-5.1255,-2.6240,-1.4990
5.0250,-0.0626,0.3238
-4.0446,-1.5383,-0.0432
-5.1895,-2.7464,-1.6997
-3.0017,-0.8915,1.2671
-5.2378,-2.7977,-1.7373
-2.6641,-0.7134,1.6046
-5.2516,-2.8251,-1.7364
-2.5927,-0.6467,1.6719
-5.2704,-2.8519,-1.7570
-2.7101,-0.6542,1.5837
-5.2779,-2.8660,-1.7652
-2.9027,-0.7274,1.4432
-5.3009,-2.9066,-1.8091
-3.2691,-0.8861,1.1229
-5.2955,-2.9267,-1.8376
-3.8512,-1.1847,0.4447
-5.2305,-2.8977,-1.8330
-4.7335,-1.8787,-0.7491
-5.1921,-2.8761,-1.8137
-5.3338,-2.7491,-1.6319
-5.1949,-2.8468,-1.7740
-5.3908,-2.9531,-1.7983
-4.0202,0.3542,-0.1810
-5.2599,-2.9180,-1.8073
-5.0992,-1.7412,-1.5706
-5.1974,-2.8893,-1.8047
-5.3883,-2.9674,-1.8065
-4.6685,-1.0597,-0.9521
-5.2310,-2.8858,-1.7496
-5.3867,-2.9559,-1.7965
-4.7588,-2.2194,-1.0782
-5.2113,-2.8473,-1.6549
-5.3041,-2.8746,-1.6342
-5.1321,-2.6974,-1.4626
-5.1770,-2.8027,-1.5513
-5.0404,-2.6258,-1.2345
-5.2630,-2.7964,-1.4612
-5.3042,-2.8426,-1.5426
-5.0198,-2.6225,-1.1092
-4.8259,-2.4468,-0.7946
-4.3555,-2.0301,-0.0859
-3.9302,-1.6534,0.4501
-3.5711,-1.3909,0.8466
-3.3395,-1.2185,1.0931
-3.2134,-1.1149,1.2689
-3.5226,-1.3348,1.0206
-3.0575,-1.5310,-0.0296
-1.9560,-1.3334,-0.2277
-1.0852,-1.1121,-0.3106
-0.4893,-0.4185,0.5713
1.8232,-0.7820,-1.0745
4.5243,-0.4263,-1.9656
-5.2056,-2.7015,-1.5834
-5.3884,-2.9459,-1.8145
-4.2996,-0.5736,-0.2959
-1.4483,-0.0414,1.3653
0.8293,0.9856,2.1260
6.4131,-0.2534,-1.6095
-4.4633,-2.1387,-0.8228
-5.3406,-2.8354,-1.6977
-3.3182,-1.9142,-1.6579
-5.0811,-2.5656,-1.5204
-5.3522,-2.8712,-1.6731
-5.1212,-2.6850,-1.5706
-5.3485,-2.9038,-1.7596
-4.0702,1.5794,-0.1267
-4.3509,-2.0676,-0.7027
-5.3581,-2.8171,-1.6806
-5.2364,-2.7943,-1.6821
-5.1808,-2.6889,-1.5855
-5.1496,-2.4116,-1.2663
-4.7578,-2.4141,-1.2508
-5.3599,-2.8075,-1.6609
-2.0102,-0.9305,-0.2369
-5.1193,-2.6029,-1.4673
-4.8394,-1.8168,-0.6292
-4.9595,-2.5593,-1.4394
-5.3412,-2.7720,-1.6152
-5.0671,-2.7119,-1.6282
-5.3764,-2.8808,-1.7038
-2.9926,0.7437,1.1969
-4.7290,-2.2429,-0.9711
-4.8862,-1.9552,-0.6054
-5.1902,-2.7715,-1.6481
-5.2596,-2.5950,-1.3959
-5.1970,-2.8239,-1.7314
-5.3361,-2.7427,-1.5618
-5.1598,-2.7965,-1.7094
-5.3617,-2.7893,-1.6051
-2.5733,1.2725,1.2434
-5.3760,-2.8749,-1.6643
-3.0485,1.8756,0.9526
-5.3632,-2.9095,-1.6998
-2.9533,1.1218,1.2632
-5.3509,-2.8963,-1.6714
-2.8563,0.9859,1.3829
-5.3425,-2.8663,-1.6132
-2.7311,1.4451,1.3625
-5.2964,-2.7392,-1.4531
-2.1285,1.7320,1.4953
-5.2019,-2.5186,-1.2191
-5.2638,-2.8955,-1.8148
-4.9179,-1.9633,-0.7569
-5.2691,-2.9243,-1.7738
-3.7970,-0.4777,0.6566
-5.1869,-2.6940,-1.3172
-1.9298,0.7419,2.0435
-4.9722,-2.1460,-0.7656
-5.2578,-2.9276,-1.7652
-3.4143,0.1584,0.9336
-5.0138,-2.3828,-0.9218
0.7348,0.7931,2.3677
-3.6715,0.0626,0.6815
-4.9642,-2.3069,-0.8342
-5.2584,-2.8796,-1.6763
-2.8033,1.0727,1.2803
-4.6061,-1.5695,-0.2349
-5.0300,-2.5065,-1.0325
0.1647,1.0712,2.1200
-2.1338,1.0305,1.6322
-3.0997,-0.0487,1.2615
-3.5085,-0.7985,0.9879
-3.3849,-0.9200,1.1451
-3.2724,-0.9772,1.2604
-3.0194,-0.8740,1.4922
-2.6648,-0.6744,1.7597
-2.2087,-0.4819,2.0241
-1.5753,-0.2814,2.2893
0.0061,0.0982,2.4986
1.8529,0.3275,2.2375
0.4772,-0.2171,2.1272
0.8332,-0.5430,0.6341
4.9272,-0.0712,0.8075
5.6842,-0.3039,-1.7331
6.0505,-0.2944,-2.2751
-5.0455,-1.9471,-0.9324
-1.4552,1.1422,1.9516
5.2164,0.1515,1.2419
-5.0199,-2.6630,-1.6653
-2.9030,0.4169,1.2456
-5.0984,-2.6079,-1.3073
-4.7495,-1.4274,-0.4652
1.3593,0.9057,2.4291
-5.1276,-2.5503,-1.2923
-3.7510,-0.0741,0.5520
3.3436,0.5722,2.1356
-5.1242,-1.3956,-1.2449
-2.3756,1.2036,1.4544
-5.1580,-2.6689,-1.4642
-5.1213,-2.0652,-1.0635
0.3636,1.1662,2.2320
-5.1487,-2.3690,-1.3892
-4.1502,-0.3886,0.0808
3.7431,0.4755,2.0085
-5.2852,-2.3708,-1.4346
-1.5232,1.3572,1.7212
-5.2226,-2.3899,-1.5379
-4.6395,-1.1342,-0.4802
3.2185,0.5270,2.2384
-5.2872,-2.4927,-1.4354
-1.4576,1.2155,1.7658
-5.3557,-2.6233,-1.7658
-4.4332,-0.7243,-0.2705
-5.1715,-2.2438,-1.4808
-5.1738,-2.2818,-1.2360
1.0322,0.7814,2.5032
-5.3247,-2.6343,-1.5247
-2.5662,0.8170,1.3163
-5.4077,-2.8289,-1.7417
-4.4148,-0.8722,-0.2151
-5.4203,-2.9201,-1.8227
-5.0155,-2.0085,-0.9672
-5.3325,-2.8682,-1.7878
-5.1650,-2.3612,-1.2383
-5.1776,-2.7329,-1.6281
-5.2244,-2.4933,-1.3525
-5.0095,-2.6099,-1.5018
-5.2584,-2.5717,-1.4204
-5.0105,-2.6216,-1.5116
-5.2644,-2.5971,-1.4412
-5.1069,-2.7187,-1.6089
-5.2570,-2.5900,-1.4318
-5.2590,-2.8397,-1.7335
-5.2488,-2.5553,-1.4095
-5.3757,-2.9108,-1.8085
-5.1923,-2.4096,-1.2868
-5.4046,-2.8880,-1.7989
-4.8485,-1.7470,-0.7096
-5.3749,-2.8024,-1.7202
-5.2964,-2.8822,-1.7424
-5.3390,-2.7256,-1.6275
-5.3704,-2.8784,-1.8045
-5.0373,-2.0981,-1.0007
-5.3834,-2.8292,-1.7556
-5.3654,-2.8997,-1.7942
-5.2238,-2.5014,-1.3866
-5.3914,-2.8577,-1.7909
-5.3671,-2.8963,-1.8034
-5.3937,-2.9231,-1.7815
-5.3852,-2.8516,-1.7856
-5.3784,-2.8746,-1.8349
-5.3889,-2.9263,-1.8261
-5.3759,-2.8955,-1.7636
-5.3317,-2.8154,-1.7255
-5.3834,-2.9197,-1.8885
-5.3566,-2.9104,-1.9023
-5.2936,-2.8448,-1.8543
-5.2051,-2.7069,-1.7596
-5.0589,-2.5029,-1.5967
-4.9471,-2.4793,-1.5127
-4.8387,-2.4888,-1.5085
-5.1176,-2.5707,-1.5286
-4.4681,-1.1879,-0.7682
-4.8120,-2.2237,-1.0235
-4.5693,-2.2677,-1.2425
-4.6896,-2.4006,-1.3690
-4.6477,-2.3592,-1.2985
5.7928,-0.0255,0.5398
6.3612,-0.1838,-2.5299
0.2798,0.1317,1.1212
4.5610,0.0126,1.4403
-1.9944,-0.5273,1.9903
-4.2675,-1.8560,-1.1790
6.5498,-0.2215,-2.1123
-2.7965,-1.4697,-1.8739
-3.8743,-1.2654,-0.7199
6.6830,-0.2084,-2.1605
-1.1059,0.5357,-0.9573
5.8716,0.0754,-0.1221
6.3945,-0.1789,-2.4929
1.2762,0.0938,-0.4985
6.0344,-0.1182,-0.2671
3.1495,0.2913,-2.0427
6.1117,-0.1367,-1.4732
6.5214,-0.1912,-1.9209
-0.8488,0.2552,-1.4623
5.1524,-0.0138,1.0334
5.4854,-0.1014,-2.5217
5.1825,-0.1795,-2.2397
6.0915,-0.1755,-1.3215
-1.0128,0.5002,-1.6190
6.6913,-0.1511,-1.6075
4.5130,0.0296,-2.4318
5.4108,-0.2212,-2.4407
5.7857,-0.1564,-1.4885
-0.3441,0.0212,-1.9544
5.3737,-0.1297,0.1821
-0.6909,0.8791,-1.5097
6.2683,-0.2403,-2.3203
4.5366,0.0480,-2.2296
4.2385,-0.2013,-2.5399
5.7930,-0.1971,-1.8384
0.2560,-0.2619,-2.2294
6.0737,-0.2303,-1.4031
-1.7581,0.2799,-1.6968
2.6708,-0.1273,1.6642
-1.8524,0.8972,-1.4331
6.0324,-0.2535,-2.4661
-1.4115,0.7569,-1.4436
5.3837,-0.2544,-2.5720
-0.8740,0.5779,-1.5341
4.7473,-0.2339,-2.5941
-0.8663,0.3555,-1.4845
4.2977,-0.2319,-2.5882
-1.4073,0.2503,-1.4178
4.1922,-0.2250,-2.5779
-2.1794,0.1488,-1.4174
4.4065,-0.1953,-2.5467
-2.6742,0.0877,-1.4320
-0.2516,-0.2949,2.0655
-2.5497,-0.6808,-1.5921
2.2359,-0.4133,-0.8180
-1.7582,-1.1187,-2.1119
-0.6243,-0.7489,-1.2451
1.0731,-0.5302,-2.4544
-2.9097,-0.9585,-1.1828
-0.8929,-0.5424,1.3205
-2.5847,-1.2369,-1.8014
-2.5200,-1.2054,-1.3579
0.0776,-0.5007,-2.1593
-3.0517,-1.2798,-1.3616
-2.9533,-1.4969,-1.4357
-2.2480,-0.6308,1.8129
-3.1452,-1.4376,-1.4259
-3.4255,-1.5828,-1.2624
-3.2357,-1.3501,-0.6910
-2.6104,-1.4245,-1.9448
-3.3106,-1.4909,-1.3178
-3.5556,-1.5835,-1.1512
-3.6639,-1.7131,-1.2732
-3.7006,-1.7291,-1.2853
-3.7847,-1.6844,-1.1497
-3.8263,-1.6612,-1.0895
-3.8494,-1.6897,-1.1207
-3.8421,-1.7339,-1.1798
-3.7833,-1.7103,-1.1684
-3.7831,-1.5997,-1.0173
-3.6625,-1.4911,-0.9528
-3.8524,-1.7137,-1.1436
-4.1262,-1.7907,-1.1299
-3.7712,-1.3483,-0.9575
-4.1225,-1.8291,-1.0226
-4.4427,-2.1063,-1.1313
-3.8140,-1.5952,0.0586
-2.1778,-0.7329,1.4097
3.2670,-0.0275,-2.7420
5.5651,-0.2503,-2.3901
-3.3225,-1.3770,1.0787
5.0972,0.1603,1.3497
6.3114,-0.1316,-2.2003
3.6456,-0.3766,-0.6530
-4.5033,-2.2219,-1.0019
-2.1711,-0.6842,1.6677
-2.4318,-0.9435,-0.6078
-4.1115,-1.8378,-0.2260
-2.1489,-0.6838,1.5997
-1.5711,-0.5983,-1.3714
-3.2770,-1.2787,1.0440
-2.3697,-0.7896,1.3725
-4.4054,-2.0851,-1.0223
-2.5036,-0.7860,1.5400
-2.7558,-0.9123,0.5927
-4.3403,-2.1507,-0.8431
-3.1978,-1.1632,0.5558
-4.3458,-2.0372,-0.9991
-3.9383,-1.8039,0.1582
-3.3191,-1.2362,0.3960
-4.3697,-2.1098,-1.0791
-3.5087,-1.4410,0.3124
-4.4522,-2.1722,-1.1338
-3.8379,-1.6763,0.1890
-3.4510,-1.3442,0.1825
-3.8238,-1.6205,-0.2302
-2.6770,-1.0113,1.3174
-4.3015,-1.7098,-0.4928
-1.5866,-0.5456,2.1759
-4.6628,-2.0352,-0.7285
-2.0564,-0.7001,1.9864
-1.2464,-0.9188,0.6892
-2.6658,-0.9796,1.5905
0.0099,-0.5817,1.6172
-2.9367,-1.1169,1.3235
-0.5204,-0.4913,2.3686
-2.9655,-1.1275,1.2553
-0.2219,-0.3579,2.5598
-2.9569,-1.1366,1.2100
0.5377,-0.0726,2.7088
-2.8867,-1.1244,1.2121
1.4387,0.2220,2.6955
-2.7263,-1.0667,1.3166
2.0733,0.3789,2.4854
-2.4171,-0.9020,1.6229
2.6291,0.3870,1.9900
-1.9972,-0.6813,2.0038
2.8871,0.0375,1.3655
-1.4623,-0.4559,2.3600
2.3485,-0.3597,0.6184
-1.7381,-0.5399,2.1443
-1.6924,-0.5895,2.1532
-0.9788,-0.4050,1.9497
-0.9286,-0.3634,2.4610
0.5366,-0.4248,1.2994
-1.9322,-0.6305,1.9567
0.7060,-0.2079,2.5559
-0.2872,-0.5142,1.4403
-1.6547,-0.5916,1.9850
2.4274,-0.1471,1.9628
1.5897,-0.4156,-0.0668
-0.5831,-0.5658,1.2310
2.8119,-0.2844,0.1577
5.6083,-0.2730,-2.4244
4.1571,-0.2853,-1.9078
3.9042,-0.2992,-1.8909
5.0301,-0.2904,-2.1853
5.9225,-0.2704,-2.3251
6.4060,-0.2041,-2.5277
6.5223,-0.2387,-2.4419
6.5140,-0.2398,-2.3423
6.5569,-0.2341,-2.2223
6.6383,-0.2201,-2.0322
6.6519,-0.1780,-1.6014
3.6806,-0.0997,-0.7436
5.1535,-0.0890,-0.4663
6.1196,-0.0676,-0.3896
3.8772,0.2011,1.4483
2.7863,0.3639,2.1115
4.0716,0.3682,1.7560
4.4483,0.3239,1.6553
-3.9291,-1.4159,0.4321
-3.0341,2.1139,0.8599
-4.3949,5.1503,-1.0155
6.2689,-0.1264,-2.3595
-4.4062,4.2779,-1.1172
-4.4551,4.8558,-1.1834
-3.9792,4.4210,-0.4888
-3.9506,3.7729,-0.1357
-4.7538,-2.2699,-0.7626
-3.2702,3.6526,0.3626
-4.0442,1.0515,0.2838
-4.4205,4.8024,-1.0698
-2.0298,1.4851,1.5573
-3.9310,-1.1961,0.5247
-4.3135,4.8996,-0.8834
-3.4303,2.9456,0.4841
-4.4588,4.8351,-1.1697
-2.2057,1.9947,1.2938
-3.5310,-0.3411,0.8554
-4.5308,4.9337,-1.1206
-2.5428,1.7589,1.2100
-4.5930,-2.0815,-0.4981
-1.6897,1.5506,1.5296
-3.2577,-0.2707,1.0354
-4.4593,4.9713,-1.0531
-2.1178,1.1101,1.5109
-4.4360,4.5825,-1.0911
-0.5230,1.0865,1.9909
-4.0068,-1.1748,0.2601
-2.1268,1.9724,1.0510
-2.3917,0.2075,1.5809
-4.4652,4.7862,-1.0708
-1.4301,0.6404,1.9260
-4.4755,4.4334,-1.0732
-0.3196,0.9607,1.9320
-4.4457,4.5093,-1.1240
1.0190,0.8773,2.0342
-4.0349,-0.8977,0.0475
1.4364,0.6455,2.2371
-2.9738,-0.1574,1.0567
1.4805,0.4835,2.3166
-2.4244,0.0493,1.5209
1.8000,0.3496,2.3329
-2.2452,0.0809,1.6600
2.3918,0.2713,2.2380
-2.3459,0.0126,1.6001
2.9823,0.2647,2.0090
-2.8099,-0.2958,1.3063
3.3035,0.4691,1.4038
-4.4797,3.9022,-1.1054
3.3685,0.4518,0.6887
-4.1440,4.4391,-0.8720
-0.0605,0.7285,1.3486
2.4627,-0.0733,2.0766
-1.7456,0.3029,1.6185
4.8518,0.2159,0.3115
-4.0170,4.3262,-0.8063
0.1056,1.0872,0.5487
4.3851,-0.0674,1.0460
-2.7458,-0.1162,1.2176
2.2123,0.7623,-0.1745
4.9276,-0.0947,0.4459
-2.6305,3.0631,-0.1146
-0.6362,1.6703,0.0172
6.1687,-0.0369,-1.5334
4.2428,-0.1590,0.7329
-2.5595,1.2710,0.4086
-1.2547,2.1045,-0.6107
5.4000,0.0656,-1.9999
6.3230,-0.1037,-2.2068
6.4467,-0.1295,-2.1333
6.3742,-0.1345,-2.0582
6.3226,-0.1281,-2.0800
6.3467,-0.1258,-2.2409
6.3797,-0.1354,-2.3816
6.3542,-0.1458,-2.4150
6.2472,-0.1535,-2.4335
4.9503,-0.0084,-1.8303
6.4831,-0.1842,-2.4110
6.3114,-0.1354,-2.3887
6.3455,-0.1540,-1.9862
6.5065,-0.1977,-2.2940
6.4803,-0.1826,-2.3016
-3.1971,4.3727,-0.1501
6.5822,-0.1077,-1.3044
5.5991,0.0555,0.8746
1.0230,1.2550,1.0804
6.4125,-0.0964,-0.5057
-4.3884,5.2706,-1.1136
5.4251,0.1552,-0.7138
5.6320,-0.0700,0.5486
-4.1168,5.3742,-0.8386
6.4251,-0.0588,-1.0428
5.2422,0.1442,1.2500
1.2119,1.2844,1.5662
6.0356,-0.0395,0.2091
-4.2993,5.2752,-1.0066
5.9394,0.0604,-0.5862
4.9228,0.0885,1.5105
-0.3954,2.1202,1.4983
5.8900,0.0140,0.4315
-4.3093,5.2773,-0.9844
5.6237,0.1360,0.1262
4.5038,0.1839,1.8512
1.8250,1.1382,1.8498
5.5019,0.0542,0.8084
-3.5671,4.5314,-0.2262
5.5032,0.1414,0.7698
3.3275,0.5327,2.2280
4.7175,0.3449,1.0748
3.9273,0.1948,2.1129
2.1671,0.9988,1.9180
4.7975,0.1477,1.4289
-1.6820,2.8933,1.0354
4.9442,0.2192,1.2493
-3.2593,3.8903,0.1067
4.7597,0.2925,1.3517
-3.7226,4.2016,-0.2698
4.4367,0.3706,1.5350
1.5075,0.8121,2.5038
4.0985,0.4463,1.7070
1.3483,0.7956,2.5460
3.7399,0.5265,1.8268
1.0365,0.8328,2.5398
3.3168,0.6367,1.9025
0.5204,0.9461,2.4668
2.7564,0.7915,1.9484
-2.9501,3.4477,0.5164
2.1163,0.9471,2.0340
-0.9999,1.6869,1.8138
1.2183,1.0690,2.2757
0.4283,1.2611,2.2104
0.3573,1.0777,2.3977
-1.5334,3.0137,1.0140
-1.2192,1.1210,2.0581
-2.3781,3.3925,0.7081
-1.7494,2.1271,1.4373
-1.3044,1.4658,1.9357
-3.8536,4.8660,-0.4640
-2.4859,2.1761,1.1287
-2.3145,2.1851,1.3324
-4.2068,4.9604,-0.7546
-3.5004,3.2327,0.2290
-2.7597,1.3470,1.2769
-3.9898,4.3550,-0.3945
-4.3210,4.8707,-0.8108
-3.8933,3.5550,-0.1412
-3.7234,0.0971,0.6180
-3.8782,1.3607,0.3116
-4.1950,2.5692,-0.1936
-4.3267,2.8251,-0.2959
-4.4179,2.1284,-0.2502
-4.4931,0.9364,-0.2233
-4.5540,-0.0566,-0.2594
-4.6905,-0.9378,-0.4056
-4.8875,-1.5880,-0.6447
-5.0599,-2.0344,-0.8921
-4.0345,-0.6856,0.4471
-4.7891,-1.9097,-0.5315
-4.0046,-1.2551,0.4697
-3.9921,-1.4160,0.4004
-4.9490,-2.3624,-0.9513
-4.8999,-2.3849,-0.9560
-3.9518,5.1696,-0.8415
-4.1439,4.4920,-0.8541
-4.4642,5.2124,-1.2176
-4.2382,5.3170,-1.0645
-3.3093,1.4576,0.7474
-4.3301,5.4533,-1.1616
-4.2386,4.7950,-1.4234
-0.9382,0.8011,2.2255
-4.0619,5.2542,-0.8909
-4.3657,4.9858,-1.2918
-4.4236,5.2998,-1.1550
-4.2942,5.2796,-1.0800
-3.2190,0.7818,0.9864
-4.1145,5.2836,-0.9066
-4.1695,3.9961,-1.5990
0.9954,0.5921,2.3001
-4.2367,5.2732,-0.9839
-3.9803,2.0017,-0.4877
-3.9986,5.2004,-0.7656
-4.1219,3.9853,-1.6143
1.5449,0.4913,2.1395
-4.2262,5.0957,-0.9729
-2.9571,0.0556,1.2778
-3.9538,5.1396,-0.6808
-4.3112,4.8058,-1.4566
-3.9313,5.1926,-0.6731
-3.8104,4.0478,-1.4996
-0.3177,0.2948,2.2361
-3.8664,4.7124,-0.6787
-2.5402,-0.1304,1.3455
-3.1519,3.7679,0.0994
-3.4972,2.4102,-1.1956
-2.2609,2.7675,0.7921
-3.5834,3.4739,-1.3637
-1.6911,2.4532,1.0021
-3.3844,3.5794,-1.1968
-1.2319,2.2797,0.9395
-2.8957,3.2344,-0.8709
-0.7192,1.9458,0.9455
-2.3148,2.7093,-0.5069
0.0477,1.4821,0.9795
-1.8467,2.1779,-0.2080
0.5402,1.1528,1.0098
-1.6076,1.7782,0.0426
0.7864,0.9300,1.0301
-1.7572,1.4874,0.2105
1.8461,0.7455,0.4121
-1.7251,1.1596,0.2034
4.8203,0.2588,-1.4737
-1.6860,1.0425,-0.2981
5.8764,-0.0120,-2.3451
4.2308,0.3546,-0.4972
3.8737,0.3768,-1.8962
5.9656,-0.0160,-2.0043
-0.4395,1.0521,-0.4849
6.3850,-0.1369,-2.5005
6.0576,-0.0389,-1.9309
2.8498,0.4501,-1.5189
6.5226,-0.1673,-2.5171
6.2940,-0.0937,-2.1830
6.1671,-0.0342,-1.4395
6.5501,-0.1917,-2.5227
6.5547,-0.1680,-2.4895
6.4649,-0.1282,-2.2149
6.4446,-0.1025,-1.7392
6.4191,-0.1914,-2.5288
6.6206,-0.2120,-2.5067
6.6829,-0.2171,-2.5023
6.7246,-0.2164,-2.4634
6.7538,-0.2176,-2.4132
6.7624,-0.2217,-2.3632
6.7464,-0.2248,-2.3446
6.6953,-0.2186,-2.3613
6.6076,-0.1383,-1.1576
6.7964,-0.1963,-1.7947
6.2200,-0.1069,-0.2876
6.7093,-0.1905,-1.5231
6.5586,-0.1650,-1.0924
6.1374,-0.0973,-0.0749
-3.9963,-2.0514,-1.0375
-4.3725,-2.2261,-1.2762
-4.3012,-2.0184,-1.0151
4.0558,0.0496,1.7699
-2.1705,-0.5499,1.9560
-4.4666,-1.9683,-1.2812
0.5418,-0.0461,2.5350
-3.4550,-1.2425,0.9891
-4.5437,-2.1974,-1.0778
-0.9682,-0.2167,2.4060
-4.3450,-1.9564,-0.5459
3.4825,0.1815,2.2015
-2.2368,-0.5425,1.9873
-5.2006,-2.6530,-1.6227
-0.5857,-0.0790,2.5447
-3.8790,-1.6200,0.2949
3.6078,0.3058,2.2104
-1.9990,-0.4058,2.1584
-5.2940,-2.7406,-1.5615
-0.7041,0.0611,2.5828
-3.9789,-1.6953,0.2515
2.2098,0.3558,2.6287
-2.3332,-0.6134,1.9410
-5.2671,-2.7435,-1.5635
-1.5310,0.0981,2.3432
-4.9435,-2.3865,-0.7347
-0.2769,0.4407,2.6282
-3.4500,-1.3845,1.0067
0.7978,0.5512,2.6872
-2.6376,-0.7950,1.7372
-5.2026,-2.6951,-1.4954
-2.5521,-0.3640,1.8372
-5.2011,-2.6266,-1.3306
-2.2627,0.0860,1.8632
-4.9927,-2.3680,-0.8327
-1.9124,0.4577,1.9414
-4.1810,-1.7643,0.3133
-1.9780,0.5682,1.8657
-3.5279,-1.3863,0.9534
-2.2680,0.5360,1.7000
-3.3105,-1.2798,1.1275
-2.5878,0.4314,1.5106
-3.4348,-1.3726,0.9618
-2.8325,0.2581,1.3602
-3.8237,-1.6385,0.5415
-3.0225,-0.0284,1.2563
-4.2605,-1.9938,-0.0891
-3.2041,-0.4175,1.1922
-4.3488,-2.1468,-0.6990
-3.3453,-0.8381,1.1146
-4.1799,-0.8301,0.1656
-4.1590,-1.8307,0.0156
-4.3484,-1.2452,-0.0242
-4.6001,-2.3221,-1.3371
-4.5630,-1.6988,-0.3693
-4.7995,-1.8158,-0.6130
-4.8391,-2.5697,-1.6404
-4.9205,-2.1468,-0.9381
-5.0353,-2.2220,-1.0264
-4.8823,-2.6756,-1.7716
-5.0037,-2.6396,-1.6618
-5.1412,-2.4636,-1.2897
-4.7744,-2.5002,-1.5294
-4.9432,-2.7012,-1.7295
-4.9722,-2.7009,-1.7374
-5.0399,-2.6793,-1.7295
-5.1857,-2.7443,-1.7570
-4.4969,-2.2614,-1.2762
-4.6431,-2.3755,-1.3677
-4.6978,-2.4237,-1.4054
-4.7104,-2.4353,-1.4090
-4.6990,-2.4210,-1.3876
-4.6276,-2.3723,-1.3107
-4.7461,-2.4980,-1.4797
-4.7793,-2.5144,-1.4890
-4.8431,-2.5899,-1.5453
-4.8549,-2.5844,-1.5573
-4.8358,-2.5643,-1.5484
-4.8704,-2.6171,-1.5730
-4.8974,-2.6281,-1.5841
-1.6347,0.5578,1.9370
5.8580,0.0326,-0.5043
-0.2697,-0.2096,2.6674
-4.8476,-2.3130,-0.9267
6.1620,-0.2285,-1.6889
3.7571,0.3950,2.0392
-3.6294,-1.5847,0.8730
5.8900,-0.2451,-2.4306
-4.2986,-1.9417,-0.7985
-0.5486,-0.4655,2.2698
0.2788,0.4246,2.3437
-4.8250,-2.5517,-1.1711
6.0519,-0.2347,-1.7847
2.2969,0.3720,2.5349
-2.7249,-1.0734,1.4561
3.8053,0.2739,0.0277
-4.3851,-2.1423,-1.1917
5.5593,-0.2005,-1.1106
0.7291,0.3744,2.5778
-2.7311,-1.1586,1.3490
3.6351,0.4240,0.2807
-4.4981,-2.2508,-1.1311
5.6089,-0.2665,-2.0510
0.0630,-0.0545,2.6983
-0.0656,-0.5747,1.3158
1.1581,1.0454,1.8534
-3.2364,-1.3081,1.1884
4.9946,-0.0856,-1.8762
-4.2973,-2.0773,-0.8535
4.8864,-0.3255,-2.2069
-4.2628,-1.9880,-1.0633
2.6932,-0.1538,0.7193
1.4334,0.7710,2.2937
-1.3114,-0.5051,2.1884
2.2685,0.9143,1.7269
-2.3040,-0.7965,1.8075
2.5515,0.8777,1.1593
-2.8930,-1.0782,1.4406
2.8245,0.7088,0.4086
-3.1460,-1.2491,1.2532
3.0396,0.5779,-0.0300
-2.9406,-1.1061,1.4255
2.7685,0.6984,0.3377
-2.4059,-0.8055,1.8528
2.5047,0.8829,1.2617
-1.6134,-0.3620,2.3428
3.2622,0.6225,1.7916
-0.1198,0.2578,2.6044
-4.1599,-1.9507,-0.6369
1.4350,0.2815,1.4609
-3.8589,-1.6545,0.1868
1.1661,0.3817,-0.8244
-1.8080,-0.2832,2.2728
4.1166,0.4084,1.4840
1.3565,0.5296,2.3065
-3.4364,-1.4828,0.7930
3.5038,0.4332,-0.0121
0.9864,0.6344,2.5243
-3.6293,-1.6382,0.4473
4.0052,0.3912,0.1699
1.6978,0.7597,2.2535
-2.5976,-0.2943,1.6958
-4.1003,-1.9475,-0.6935
3.1882,0.6649,1.1226
1.8024,0.9083,2.0904
-0.6581,0.8369,2.1566
-3.5946,-0.7799,0.8179
-4.2951,-2.1538,-0.4143
-4.2929,-2.2853,-1.2646
-4.3921,-2.2930,-1.2963
-4.5034,-2.3485,-1.2903
-4.6531,-2.4010,-1.0605
-4.7367,-2.0131,-0.6058
-2.8388,0.5555,1.2655
-0.3319,1.7226,1.7654
-4.8840,-2.3631,-0.9355
-1.8840,2.6024,1.1831
-3.0306,2.0179,1.1236
-2.2883,1.3888,1.5856
-3.9735,-1.6506,0.0394
5.8676,-0.0706,0.2140
6.2504,-0.1701,-2.6983
5.6022,-0.0932,-2.0393
5.4087,0.1233,1.0181
5.8189,-0.0330,-2.1713
3.4453,-0.3708,-1.0232
5.9659,0.0368,0.2188
5.9421,-0.2318,-2.7740
6.1980,-0.0403,-0.2252
6.1854,-0.2504,-2.3712
5.6698,0.0266,0.7859
4.6325,0.3283,-0.4249
6.4027,-0.0731,-0.2960
6.3581,-0.2186,-2.6965
-2.9414,-0.4900,-1.4638
3.5999,0.3451,1.2727
5.4322,-0.2592,-2.0584
6.1191,-0.0691,0.1908
6.5637,-0.2054,-2.3875
6.4089,-0.1112,-0.3391
2.3727,0.3967,-0.6643
-0.1611,-0.0422,2.5002
3.8100,-0.3287,-1.6179
1.5033,-0.1747,2.5823
5.5220,-0.1575,-2.4233
3.8811,-0.1578,1.7938
5.7397,0.0039,-0.1660
5.3540,-0.1664,0.6718
3.6019,0.1887,0.8759
5.7356,-0.1742,0.1745
0.8032,0.1639,1.6839
5.7344,-0.1777,0.0971
0.1674,0.1217,1.9241
5.7617,-0.1787,-0.0156
-0.0453,0.1174,2.1538
5.8359,-0.1882,-0.1968
0.5550,0.1209,2.1988
5.4861,-0.2201,-0.1017
3.7160,0.1230,1.5285
5.0261,-0.1576,0.7500
4.8255,0.0482,0.7289
4.8566,0.1491,1.6683
-0.1710,-0.2646,1.3121
3.7742,0.4751,2.0163
2.9325,0.2963,2.2830
6.0372,-0.1496,-0.9005
3.7366,-0.0436,-0.6656
5.0421,0.2311,0.8985
6.4897,-0.2367,-2.1318
5.4363,0.0170,0.8725
6.5146,-0.1487,-1.4775
-1.2305,-0.3879,1.7823
5.6073,-0.0200,0.4922
6.7690,-0.1834,-1.7993
6.3469,-0.2223,-2.5002
5.8816,-0.1469,-0.2952
6.3733,-0.0861,-0.8759
6.7553,-0.2165,-2.3476
6.2894,-0.2042,-2.7428
5.7620,-0.0933,-0.1372
5.8269,-0.0640,0.0489
6.4404,-0.1028,-1.4108
6.2859,-0.1292,-2.4201
5.9964,-0.1181,-2.7529
6.0321,-0.1226,-2.7488
6.0067,-0.1116,-2.7284
6.0274,-0.1138,-2.7240
6.1536,-0.1550,-2.7508
4.1361,0.3411,-2.7299
5.7100,-0.0202,-2.3638
5.8784,-0.0687,-2.5809
5.5056,0.0668,-2.1216
5.3478,0.0952,-2.0012
5.2315,0.0676,-2.2063
6.1868,-0.0144,-0.0300
6.6679,-0.2408,-2.2480
5.8178,-0.2038,-2.8758
4.3997,0.4151,-1.7878
0.0027,0.9532,0.0297
4.5591,-0.0475,-2.9119
-4.1216,5.4903,-1.0592
-0.4204,2.3241,0.9880
5.0590,-0.0790,-2.9216
6.4105,-0.2548,-2.4584
6.3308,-0.0848,-0.2300
6.0624,-0.2195,-2.8291
6.6747,-0.2305,-1.9439
5.9582,0.0550,0.0753
6.2950,-0.2321,-2.7365
6.6881,-0.1418,-1.6762
5.2606,0.2291,0.3109
6.1396,-0.2615,-2.3968
5.7810,0.0178,0.6854
6.2085,-0.2006,-2.6874
6.6461,-0.1703,-1.3663
5.3224,0.2187,0.2884
5.4887,-0.2584,-2.5139
5.5018,0.0618,1.0166
5.9720,-0.1691,-2.5769
6.3061,-0.1229,-0.8041
4.7500,0.3585,0.9077
5.4614,-0.2506,-2.3780
4.7902,0.2342,1.5591
3.9297,-0.0315,-2.5370
4.8638,0.1362,0.9939
4.1124,0.3372,-1.5528
5.2534,-0.1199,-0.6945
3.8060,0.5651,1.6135
4.3074,-0.0961,-2.3406
2.9881,0.5519,2.1248
0.7537,0.0488,-2.3425
1.6975,0.4294,2.4910
0.6175,0.2783,-1.5753
1.2154,0.3404,2.1683
-0.4108,0.7169,0.3241
1.6785,0.3343,2.0604
-0.8678,1.2061,0.7315
1.0908,0.4123,1.4596
-1.0106,1.5131,0.6229
0.7373,0.4432,1.1556
-0.9570,1.6325,0.3810
0.1320,0.5794,1.0461
-0.7196,1.6144,0.1022
0.0908,0.6273,1.0667
-0.2123,1.3354,-0.4370
-0.7907,0.5481,1.1875
1.6326,0.8600,-1.4054
-1.3970,0.9891,0.9605
3.6599,0.3908,-2.3058
-1.8742,2.3431,0.5360
1.3070,0.7953,-1.5746
-0.4311,1.7561,-0.9277
-0.7780,0.8843,-1.2808
3.9738,0.4248,-2.0818
-2.1529,3.0066,-0.8473
0.5534,1.2214,-1.7079
2.4261,0.8514,-1.3886
-1.6771,1.9958,-1.6954
0.6104,1.4621,-1.7445
1.3923,1.4428,-0.9874
-2.4836,3.0915,-1.6177
-1.1484,2.5635,-1.7279
0.4919,2.0498,-1.2388
-1.4686,2.6714,-0.0691
-0.3173,2.2501,-1.0238
-3.6156,5.0496,-1.1194
-3.3480,4.8367,-0.9584
-2.9804,4.5657,-0.7802
-2.6222,4.2371,-0.6677
-2.5073,4.1181,-0.6538
-2.7066,4.2643,-0.7021
-3.4603,4.8612,-0.8108
-3.9842,5.3273,-0.9929
2.8911,0.8642,-1.0844
-0.4924,2.0536,0.1270
-4.1273,5.4326,-1.0380
-3.5046,4.7141,-0.8386
-3.8366,5.0342,-0.9668
-3.2596,4.3857,-0.8042
-4.4572,5.0919,-1.2316
-3.7299,4.0466,-0.9929
-4.4397,4.8907,-1.2589
-0.1009,0.9368,2.3668
-4.2350,4.8830,-1.3381
-4.2870,5.2796,-1.1783
-2.6109,1.6092,1.1255
-4.1154,5.4087,-0.9853
-4.4639,5.1383,-1.2884
-4.0943,4.4155,-0.7488
-3.3573,3.8477,-0.5558
1.0224,0.9770,2.3489
-4.1956,5.1433,-1.1954
-4.1475,4.9319,-1.1086
-3.4531,2.8713,0.2003
-2.8425,3.2728,-0.2566
3.2532,0.6624,1.8274
-4.1723,5.1572,-1.1596
-2.9730,2.9679,-0.3289
-3.3317,3.1607,0.1931
-1.7634,2.4217,0.2099
1.7454,1.0232,2.0607
-4.0466,5.4144,-1.0272
-3.3914,3.2847,-0.6344
-3.8539,4.4188,-0.5463
0.3982,1.2460,0.7809
-2.3529,3.0757,0.6567
-1.7050,2.3255,0.1804
1.6929,1.1497,1.8050
-3.5910,4.4764,-0.8280
-0.3803,1.5070,0.7432
-4.0184,5.1729,-1.0214
2.5940,0.3725,1.3308
-3.8062,4.8440,-0.6797
2.3936,0.4569,1.1713
-3.3684,4.3604,-0.2509
1.2013,0.8747,0.8491
-2.9822,4.1111,0.0044
0.1826,1.2006,0.5912
-2.8427,4.0807,0.0256
-0.3425,1.3410,0.4664
-3.0559,4.3117,-0.1650
-0.3207,1.3266,0.4748
-3.4427,4.6856,-0.5371
0.2595,1.0512,0.6244
-3.8325,4.9505,-0.9830
2.0776,0.4918,0.9795
-4.1210,5.3167,-1.2589
0.8665,0.8264,0.9207
-3.8635,5.1239,-0.9835
-2.7386,3.9991,-0.1806
-3.6623,3.8548,-0.8593
-3.8320,5.0882,-1.2498
-0.6633,1.2542,0.4288
-4.1728,5.4976,-1.1711
-3.2197,4.4901,-1.1538
-4.1579,4.7859,-1.1965
-4.2713,5.4983,-1.2482
-2.8557,3.7571,-1.4862
-4.3127,5.0774,-1.3045
-4.2830,5.4049,-1.2616
-4.0805,5.5684,-1.2064
-3.8152,3.9696,-1.0074
-4.3878,5.2915,-1.3580
-4.2926,5.3741,-1.2805
-4.2602,5.5839,-1.1917
-4.1188,5.5292,-1.0768
-4.3718,5.1375,-1.3339
-4.4584,5.2144,-1.3746
-4.4601,5.2208,-1.3696
-4.4610,5.1955,-1.3610
-4.4625,5.1731,-1.3542
-4.4698,5.1696,-1.3492
-4.2072,5.5290,-1.1117
-4.3346,5.3623,-1.2296
-4.3740,4.9899,-1.2339
-4.3250,5.4080,-1.1936
-4.2336,5.4187,-1.1197
-4.3026,5.3192,-1.1887
-4.2775,5.2035,-1.1908
-4.4372,4.7307,-1.2771
-3.7488,4.1132,-0.9929
-4.4875,5.0145,-1.3191
-4.4241,4.7554,-1.2401
-3.8388,4.1290,-1.0501
-4.4500,5.0606,-1.2734
-4.3373,4.8881,-1.2196
-3.8408,4.3155,-0.9725
-4.4575,4.6543,-1.2800
-3.8901,4.1516,-1.0458
-4.4899,5.0429,-1.2906
-4.3571,4.5256,-1.1553
-3.9169,4.2688,-1.0190
-4.4477,4.6995,-1.2870
-3.8884,4.0062,-1.0017
-4.4947,4.9390,-1.2679
-4.2082,4.0929,-1.0484
-3.9424,4.1394,-0.9819
-4.4748,4.6074,-1.2788
-3.9029,3.8269,-0.9746
-4.4437,4.8280,-1.2115
-3.8082,3.6633,-0.8033
-4.2785,4.3896,-1.1140
-4.2502,4.1631,-1.1019
-3.9255,3.8696,-0.8917
-4.4263,4.5534,-1.2361
-3.9729,3.6701,-0.9710
-4.4553,4.7242,-1.2079
-3.9733,3.5992,-0.9703
-4.4823,4.6773,-1.2141
-3.9804,3.5779,-0.9428
-4.5014,4.5751,-1.2278
-4.0029,3.5189,-0.9421
-4.4264,4.3777,-1.1636
-4.0096,3.5039,-0.9568
-4.2061,3.9446,-1.0262
-4.0083,3.4749,-0.9653
-4.1819,3.8978,-1.0090
-4.0242,3.4616,-0.9688
-4.3710,4.1731,-1.1208
-4.0397,3.3865,-0.9687
-4.4759,4.2948,-1.1870
-4.0839,3.3405,-0.9976
-4.4668,4.3306,-1.1869
-4.0964,3.4094,-0.9983
-4.4632,4.1936,-1.1843
-3.9519,3.2123,-0.8100
-4.1337,3.5801,-1.0939
-4.3895,4.0345,-1.1685
-4.1015,3.2878,-1.0282
-4.4817,4.2575,-1.2154
-4.0912,3.2573,-0.9424
-4.1779,3.7080,-1.1202
-4.5073,4.2884,-1.2760
-4.3057,3.6473,-1.1019
-3.9487,3.8729,-1.0528
-4.4861,4.3487,-1.2662
-4.3338,4.0572,-1.1626
-3.5123,3.8975,-1.0754
-4.0574,4.4970,-1.0822
-3.3529,4.0252,-1.0046
-1.0646,2.4815,-0.5771
2.4405,1.1262,-1.2374
3.9664,0.5741,-1.6519
3.1640,0.2483,0.3752
3.6588,0.3633,-0.2533
4.0729,0.3478,-0.7438
4.4089,0.2896,-1.0534
4.7707,0.1911,-1.2083
5.1791,0.0655,-1.2368
5.4185,0.0885,-1.7595
5.6186,0.0234,-1.8966
5.5931,0.0173,-2.0122
5.9666,-0.0580,-2.0508
6.0753,-0.0835,-2.1472
6.2125,-0.1171,-2.2962
6.4113,-0.1653,-2.4488
3.0216,0.0961,-2.7619
2.6840,-0.1263,0.1321
4.2972,0.4308,-1.6233
-1.7535,-0.1702,-0.7084
3.8807,0.0954,-0.2442
-1.4100,2.9601,-0.6130
0.9665,-0.6105,-1.5500
3.7585,0.5862,-2.0164
5.9246,-0.0645,-2.2921
4.6980,0.3190,-2.0261
3.8095,-0.2086,-2.4648
3.3761,0.7683,-2.1451
2.9767,-0.2176,-2.3685
2.5539,1.0833,-1.8741
2.1845,-0.2898,-2.3049
2.5125,1.1564,-1.6095
5.0514,0.1109,-1.9910
1.0424,0.9256,-1.1474
3.9094,-0.0755,-1.2691
6.6163,-0.1694,-2.2954
2.5259,-0.3619,0.7528
4.6678,0.0142,1.6251
6.6248,-0.2295,-2.1527
5.6761,-0.0160,-2.1231
5.4413,-0.0503,0.5283
5.9418,-0.0879,-2.5291
3.5203,-0.0448,2.0966
6.7095,-0.1961,-1.9853
5.5383,-0.0314,-1.8946
5.3162,-0.0050,0.5647
5.9243,-0.0876,-2.4147
2.8067,-0.0893,2.2123
6.5526,-0.1746,-2.3855
5.4416,-0.0538,-1.6915
5.2498,-0.0574,0.1265
4.9042,-0.0963,-1.2131
4.3858,0.0778,1.0549
6.0239,-0.1145,-2.2978
1.5545,-0.1234,2.2589
6.3971,-0.1409,-2.2604
5.5404,-0.1431,-1.7388
5.7086,-0.0669,-0.9242
3.6942,-0.1544,-0.1559
5.1580,-0.0106,-0.1623
2.8251,-0.2066,0.4412
4.8576,0.0269,0.0540
3.0827,-0.2253,0.2253
4.3289,-0.0046,0.4423
4.0051,-0.2273,-0.3033
4.0883,-0.0704,0.6370
4.6318,-0.2401,-0.7411
3.7433,-0.1299,0.9112
5.2488,-0.2549,-1.2713
3.4755,-0.1835,1.0236
5.6825,-0.2607,-1.7421
3.7808,-0.2006,0.7035
5.7550,-0.2628,-1.9071
4.3082,-0.2165,0.2449
5.8729,-0.2587,-2.1023
5.6954,-0.2075,-0.8759
6.0776,-0.2400,-2.3651
6.6241,-0.1950,-1.9911
6.3215,-0.2271,-2.5382
6.5233,-0.1620,-2.3716
6.3324,-0.1948,-2.0159
6.4446,-0.1856,-2.6428
1.1557,-0.4132,1.3526
6.2954,-0.2437,-2.6176
6.5829,-0.2460,-2.2015
6.3746,-0.2180,-2.1589
6.4458,-0.2126,-2.7093
5.8503,-0.2996,-1.8207
6.1792,-0.2244,-2.3402
6.4897,-0.2315,-2.6334
2.5854,-0.3089,1.0511
6.2224,-0.2236,-2.2234
6.3262,-0.2391,-2.7465
6.4903,-0.2657,-2.1987
6.3836,-0.2223,-1.6851
6.3758,-0.2316,-2.5045
6.3002,-0.2449,-2.7605
6.6076,-0.2484,-2.4552
6.7408,-0.2355,-2.1267
5.5965,-0.2101,-0.4658
6.3580,-0.1832,-1.0162
6.5062,-0.1730,-1.1995
6.4931,-0.1528,-1.0959
6.3267,-0.1139,-0.5687
5.9028,-0.0664,0.2423
6.6001,-0.1710,-2.3564
6.6178,-0.2421,-2.5264
6.0447,-0.0407,-0.2997
6.6690,-0.2445,-2.4264
4.8719,0.2082,1.3068
6.6286,-0.2553,-2.3705
3.0307,-0.1119,1.1264
2.2177,-0.1087,2.4247
4.4853,-0.3511,-0.7332
6.7631,-0.2025,-2.2805
0.1922,-0.2587,2.3683
6.0708,-0.2337,-1.3378
6.6857,-0.2515,-2.2112
-0.3623,-0.4514,1.8710
6.3853,-0.1338,-2.2402
1.6846,-0.0878,2.6088
0.5811,-0.3373,1.8034
6.6258,-0.1459,-1.9453
-1.1239,-0.4427,2.2921
5.9936,-0.1348,-1.5541
6.5228,-0.2525,-1.7813
-0.8280,-0.3906,2.1851
6.3960,-0.1080,-1.9949
-1.4953,-0.4789,2.2558
5.3398,-0.0771,-1.1161
0.3166,-0.1685,2.7199
-0.3003,-0.1801,2.1129
6.4686,-0.0961,-1.4766
-2.3483,-0.7037,1.8960
5.7649,-0.0353,-1.8265
-1.2241,-0.3776,2.4293
3.3572,0.1262,0.4059
5.4558,-0.0655,0.4907
-0.4782,0.0758,2.0262
6.1824,-0.0399,-0.7616
-2.1158,-0.4250,2.0107
6.2247,-0.0798,-2.0012
-2.0257,-0.4006,2.1889
5.8102,-0.0076,-1.9502
-1.3460,-0.1750,2.4885
5.2502,0.1113,-1.5998
-0.4948,0.0588,2.6816
4.9373,0.1626,-1.2580
0.4827,0.2251,2.7637
5.2965,0.0907,-1.3002
1.2284,0.2781,2.7359
5.9428,-0.0171,-1.7015
1.6182,0.2613,2.6708
6.2335,-0.0687,-1.9995
2.0948,0.1660,2.5525
6.1352,-0.0329,-1.7654
3.0784,-0.0024,2.1244
4.9641,0.2461,-0.1540
5.3548,-0.1229,0.4066
1.1865,0.8244,1.8144
6.7416,-0.1581,-1.7902
4.5009,0.1588,1.6106
5.8924,0.0682,-0.4520
6.4810,-0.1843,-0.9609
4.5924,0.2942,1.3411
6.6005,-0.1100,-1.5344
6.4668,-0.1715,-0.9081
1.6716,0.8764,2.1006
6.5923,-0.1030,-1.3198
6.7146,-0.2230,-1.7965
6.1812,-0.0433,-0.3743
5.2922,0.1738,0.8461
6.7855,-0.1778,-1.9373
6.6753,-0.2201,-1.8904
6.4432,-0.1527,-0.8894
5.8158,0.0229,0.0584
4.9068,0.1339,0.9120
5.9668,0.0005,-0.7224
6.2875,-0.0655,-1.4350
6.3256,-0.0955,-1.6436
5.8150,-0.0214,-1.3679
3.3114,0.5261,0.2011
4.4958,0.2603,1.5314
5.6708,-0.0786,-0.4334
5.2423,-0.2456,-2.1897
3.5383,0.2949,1.2395
-0.4809,0.0524,0.6791
-0.1213,0.6075,2.0794
1.3388,-1.0172,-1.9802
3.2727,-0.0196,-2.7221
-2.2740,-0.7827,1.3401
-4.1511,-1.8756,-0.5768
-1.1940,-0.5905,-1.9174
-2.6665,-0.9618,0.9827
-4.2813,-2.0292,-0.9788
-3.1937,-1.3575,-1.2030
-3.3754,-1.3320,0.0882
5.6003,-0.1257,-2.8695
-3.2692,-1.2619,-0.4055
-3.9413,-1.7544,-0.7142
0.4994,-0.3104,-2.2822
-3.3402,-1.3791,-0.3044
-3.9101,-1.3217,-0.7033
-3.4416,-1.4904,-1.0388
-3.7558,-1.6599,-0.6395
3.1640,-0.0612,-2.6696
-3.5155,-1.5168,-0.7026
5.9708,-0.2051,-2.8669
-3.3888,-1.4627,-0.9636
-3.7587,-1.4415,-0.7174
-0.1076,-0.6668,-2.2384
-3.6573,-1.6304,-0.8340
5.1823,-0.1979,-2.8486
-3.4480,-1.5644,-1.1707
-3.7524,-1.1948,-0.8110
-3.0716,-1.4329,-1.3381
-3.5005,-0.8159,-0.4683
-0.6076,-0.7051,-2.2777
-3.5486,-1.4754,-0.9309
2.4083,-0.2519,-2.6601
-3.2919,-1.5263,-1.3785
4.4592,-0.1423,-2.7617
-3.1648,-1.5473,-1.6190
5.4900,-0.2295,-2.8052
-2.9892,-1.4978,-1.8077
5.8452,-0.2443,-2.8043
-2.8229,-1.3803,-1.8746
5.8677,-0.2437,-2.7822
-2.6331,-1.2588,-1.9164
5.6329,-0.2311,-2.7588
-2.7153,-1.2717,-1.8963
5.2771,-0.1883,-2.7562
-2.9535,-1.4339,-1.8293
5.0260,-0.1578,-2.7512
-3.1906,-1.5574,-1.6530
3.4910,0.0015,-2.4931
-3.3275,-1.5489,-1.4505
1.7067,-0.1609,-2.5090
6.2630,-0.2257,-2.7160
-1.8787,-0.9964,-2.0867
5.5212,-0.0664,-2.6847
6.5886,-0.2444,-2.4315
1.9382,-0.1998,-2.6356
5.9400,-0.0858,-2.6052
-2.5557,-1.3609,-1.9316
3.1657,-0.1674,-2.7039
5.9454,-0.0935,-2.6347
6.6023,-0.2015,-2.5902
0.7879,-0.2353,-2.3276
5.5293,-0.2196,-2.7812
6.1850,-0.1464,-2.6734
6.2759,-0.1485,-2.6368
6.6487,-0.1818,-2.3954
2.1362,-0.1346,-2.0785
4.2794,-0.1488,-2.2059
5.2614,-0.1795,-2.2245
5.5579,-0.1857,-2.1091
5.4950,-0.1816,-1.9876
5.3975,-0.1870,-2.0896
6.7700,-0.1648,-1.4997
6.6384,-0.1675,-1.3549
6.5254,-0.2052,-1.8241
6.5208,-0.1148,-0.7194
6.5548,-0.2187,-2.0876
6.1832,0.0006,-0.1216
6.6165,-0.1191,-1.3784
6.1798,-0.1012,-1.7466
6.2156,-0.1128,-1.8625
3.3821,0.7425,-1.3358
-4.2845,4.2727,-1.1902
2.3150,-0.1161,1.5060
6.2640,-0.1412,-1.9524
5.5297,-0.1177,-1.1045
4.1505,0.0263,-0.6803
5.3427,0.0839,-1.6305
3.0806,0.4456,-0.6969
3.1748,0.8226,-1.4296
2.6560,1.0678,-1.5766
2.3019,1.2658,-1.7318
-2.5261,3.3266,-1.0273
-2.9330,2.0178,-1.0517
-3.7353,3.7525,-1.0867
-3.4350,2.9919,-1.0944
-4.2697,4.0229,-1.2195
-3.9396,3.1333,-1.0453
-3.8466,2.9721,-0.9060
-3.1925,2.2879,-0.5980
-2.0641,0.5001,0.0481
-4.2944,4.1120,-1.1829
-2.0197,2.2119,-0.6936
-4.2161,4.3002,-1.0837
-4.2522,4.5179,-1.1068
-4.4446,4.7132,-1.2750
-4.2319,5.0523,-1.2161
-2.1521,-0.5616,1.8152
-4.1999,-1.9154,0.3324
3.6600,-0.1024,0.8133
2.1974,-0.2197,2.0381
5.8893,0.0126,-1.1704
-3.8772,-1.3135,-0.0470
-2.5447,-0.5309,1.7988
5.8519,-0.0549,-0.3815
-4.9394,-2.5366,-1.2610
1.2737,0.0261,2.2842
5.0350,-0.1905,-0.3639
-4.3369,-1.9918,-0.0769
4.9469,0.0487,0.4183
-3.3504,-1.1484,0.6118
-2.2328,-0.5094,1.9578
4.8379,-0.1379,0.3830
-4.6229,-2.2406,-0.6288
3.8761,0.1807,2.0021
-1.4489,-0.5251,1.5514
-2.4377,-0.6900,1.8299
3.2513,-0.1834,1.3244
-4.4588,-2.0852,-0.3569
3.8037,0.2510,2.1405
-2.3293,-0.7254,1.5524
-1.5624,-0.3890,2.2054
3.1176,-0.2467,1.0730
-3.0766,-1.0900,1.3373
0.9266,-0.2291,1.8356
-4.5268,-2.1246,-0.3640
4.0303,0.2774,2.0918
-4.1401,-1.8729,0.1397
3.6658,0.1792,2.2128
-3.7490,-1.4451,0.6299
3.5715,0.0903,2.2040
-4.0794,-1.8638,0.2955
0.7362,-0.3040,2.0061
-2.7054,-0.9074,1.5357
-0.1875,0.2833,1.9969
1.0001,-0.3112,2.1536
-2.5695,-0.8675,1.6005
-2.8610,-0.6823,1.4837
2.8302,0.3434,1.6422
0.2615,-0.3500,2.1242
-1.2591,-0.4554,2.0473
-1.5727,-0.5086,2.0154
-1.6125,-0.5217,2.0118
-1.3133,-0.4640,2.0494
-0.0180,-0.3708,2.0313
0.0311,-0.1849,1.7133
-1.6404,-0.6024,1.9685
-1.4067,-0.5945,1.7350
-0.9965,-0.5386,1.7184
0.0953,-0.4207,1.0479
6.1514,-0.0946,-1.6343
-0.5683,1.2173,0.6154
-4.7310,-2.0348,-0.7180
-5.2047,-2.7575,-1.6561
-5.2208,-2.8982,-1.7797
-1.7670,-0.4738,1.8416
5.5912,0.0039,-0.6249
-3.5833,1.9854,-0.0029
-5.0689,-2.5377,-1.2819
3.6383,0.3333,0.5026
-4.3733,-1.3525,-0.2323
-5.0759,-2.6269,-1.3757
-1.9430,1.3676,1.0778
-5.0900,-2.5905,-1.3721
5.1668,0.1329,0.0182
-3.9466,2.0446,-0.3417
-5.1822,-2.7243,-1.5835
-0.7657,0.5836,1.9036
-5.1572,-2.6299,-1.5000
5.3057,0.1307,0.0806
-3.3408,0.6651,0.5860
-5.2473,-2.8039,-1.7147
-1.3269,0.1563,2.1103
-5.2330,-2.7377,-1.6645
4.0094,0.0980,1.3578
-3.9947,-0.9594,0.1080
-5.2509,-2.7957,-1.7491
-2.3364,-0.3754,1.7939
-5.2939,-2.8642,-1.7783
-1.1408,-0.1919,2.2913
-5.1773,-2.6814,-1.5747
2.1928,-0.1077,2.0673
-4.2030,-1.6567,-0.1325
-5.1943,-2.7655,-1.7235
-3.2365,-1.0450,1.0860
-5.2742,-2.8426,-1.7827
-2.8144,-0.7861,1.5271
-5.2939,-2.8793,-1.7997
-2.7670,-0.7365,1.5904
-5.2931,-2.8878,-1.8004
-2.8108,-0.7517,1.5718
-5.2981,-2.9014,-1.8056
-3.0223,-0.8451,1.4008
-5.3011,-2.9258,-1.8300
-3.3637,-1.0070,1.0760
-5.2758,-2.9265,-1.8469
-3.8225,-1.2881,0.5585
-5.2264,-2.9100,-1.8473
-4.6400,-1.9093,-0.5123
-5.2125,-2.8862,-1.8156
-5.3306,-2.7744,-1.7510
-5.2407,-2.8716,-1.7830
-5.3219,-2.8935,-1.7883
-4.0579,-0.6264,-0.0825
-5.2201,-2.9065,-1.8272
-5.3547,-2.7807,-1.7684
-5.1861,-2.8885,-1.8132
-5.3375,-2.9358,-1.8025
-4.8633,-0.9783,-1.2498
-5.2216,-2.8950,-1.7890
-5.3450,-2.9257,-1.8059
-5.0888,-2.4327,-1.4518
-5.2255,-2.8778,-1.7222
-5.1847,-2.7800,-1.5544
-5.2766,-2.8621,-1.7318
-5.2396,-2.8652,-1.6709
-5.1114,-2.7257,-1.4312
-5.0176,-2.5771,-1.1792
-5.3546,-2.9228,-1.7076
-5.2851,-2.8867,-1.6208
-5.0914,-2.7119,-1.2871
-4.7523,-2.3726,-0.6574
-4.2436,-1.9310,0.0845
-3.8623,-1.5928,0.5651
-3.6364,-1.4011,0.8420
-4.7861,-2.2557,-0.4136
-3.8062,-1.4391,0.7738
-3.2859,-1.2115,0.7868
-2.4530,-0.6150,1.6548
-2.4566,-0.9191,1.0004
-1.8983,-0.4090,1.7392
-0.4490,-0.6962,0.3382
2.7966,-0.4812,-1.1298
-5.1871,-2.7247,-1.6309
-5.3535,-2.9218,-1.8481
-4.3240,-0.2922,-0.3465
-2.1260,1.2786,1.3488
-0.4413,1.1800,1.8811
5.8791,-0.2576,-1.5459
-4.3762,-2.0665,-0.7239
-5.2865,-2.8408,-1.8475
-5.1775,-2.7284,-1.5746
-5.1384,-2.6168,-1.6080
-5.3670,-2.8786,-1.7212
-5.0435,-2.6761,-1.5798
-5.3383,-2.9023,-1.8169
-4.1058,1.7495,-0.1847
-4.4874,-2.1504,-0.8873
-5.3315,-2.8386,-1.8218
-5.2208,-2.7905,-1.7203
-5.1875,-2.7263,-1.6491
-5.0490,-2.1932,-1.1888
-4.8485,-2.4855,-1.3647
-5.3631,-2.8361,-1.8029
-5.2003,-2.7880,-1.7196
-5.2030,-2.7329,-1.6344
-4.4289,-1.0192,-0.0541
-4.9950,-2.5668,-1.4505
-5.3462,-2.7930,-1.6974
-5.1217,-2.7657,-1.6702
-5.3817,-2.8713,-1.7790
-3.0184,1.3471,1.0282
-4.9392,-2.3971,-1.1818
-4.6281,-1.2625,-0.1483
-5.1602,-2.7127,-1.5875
-5.2654,-2.5747,-1.4253
-5.2533,-2.8595,-1.7793
-5.3349,-2.7535,-1.6023
-5.2201,-2.8435,-1.7600
-5.3610,-2.7884,-1.6586
-2.4757,1.9283,1.0656
-5.3854,-2.8474,-1.7063
-3.2365,3.2653,0.4322
-5.3924,-2.8850,-1.7217
-3.3615,3.2009,0.4457
-5.3837,-2.8794,-1.6990
-3.2817,3.0566,0.5637
-5.3577,-2.8222,-1.6135
-3.0013,2.9488,0.7413
-5.3148,-2.7219,-1.4910
-1.6969,1.9585,1.6094
-5.1990,-2.4656,-1.2351
-5.2699,-2.9193,-1.8352
-4.8475,-1.7635,-0.6755
-5.2445,-2.8445,-1.6313
-3.5735,0.2538,0.9339
-5.1885,-2.6651,-1.3470
-2.0266,1.3878,1.8275
-4.9476,-2.0319,-0.7669
-5.2509,-2.8516,-1.6347
-3.2938,0.8013,1.0699
-4.9879,-2.2877,-0.8521
-5.2436,-2.9015,-1.7320
-3.5734,0.7934,0.7896
-4.7872,-2.0153,-0.5019
-5.2428,-2.8311,-1.6151
-2.8059,1.4259,1.2720
-4.4061,-1.0839,0.0695
-4.7309,-2.0772,-0.4987
-5.1950,-2.7477,-1.4567
-2.0289,1.1812,1.6684
-2.8276,0.2727,1.4881
-3.1343,-0.3837,1.3766
-3.1336,-0.6563,1.4372
-3.0541,-0.7265,1.5099
-2.8446,-0.6558,1.6744
-2.5240,-0.5228,1.8813
-2.0440,-0.3420,2.1380
-1.2077,-0.1258,2.4472
0.7972,0.1299,2.6044
-1.9550,-0.4733,2.0151
0.6969,-0.1613,2.4745
-0.6371,-0.3068,2.1622
-0.0893,-0.3075,1.7584
4.3933,-0.2737,0.0290
5.5227,-0.2706,-1.5142
-5.1835,-2.4032,-1.2446
-1.9720,1.2454,1.7815
-4.0284,-1.9076,-1.1374
-5.3256,-2.9343,-1.9483
-3.1380,0.6824,0.9316
-4.9618,-2.4461,-1.1074
-4.8451,-1.5620,-0.5614
1.3094,0.9124,2.4908
-5.1504,-2.6055,-1.3771
-4.0325,-0.2471,0.3801
3.5391,0.4691,2.2529
-5.2036,-2.1808,-1.4018
-2.7880,1.2703,1.2561
-5.1059,-2.6198,-1.4054
-5.1426,-1.9090,-1.1389
-0.1431,1.3330,2.1545
-5.2144,-2.6230,-1.5470
-4.2616,-0.3595,0.0136
3.8554,0.3663,2.1797
-5.2653,-1.7386,-1.5388
-2.1299,1.7991,1.3769
-5.2288,-2.5847,-1.6026
-4.6601,-1.0572,-0.4927
-5.2050,-2.7213,-1.6205
-5.2763,-2.1951,-1.4778
-1.9802,1.7324,1.4265
-5.2179,-1.9181,-1.6034
-4.4150,-0.4559,-0.2692
-5.2058,-2.5070,-1.5949
-5.1556,-2.1465,-1.2189
1.1445,0.9033,2.4215
-5.3429,-2.5635,-1.5905
-2.8889,1.2883,1.0080
-5.4086,-2.7573,-1.8214
-4.4107,-0.5744,-0.2734
-5.3798,-2.8487,-1.9284
-5.0062,-1.8251,-1.0028
-5.2995,-2.7549,-1.8376
-5.1786,-2.2527,-1.2794
-5.2096,-2.7144,-1.6994
-5.2588,-2.4574,-1.4347
-5.0816,-2.6494,-1.5775
-5.2863,-2.5464,-1.4944
-5.0593,-2.6588,-1.5788
-5.2896,-2.5766,-1.5052
-5.1705,-2.7645,-1.6988
-5.2697,-2.5505,-1.4662
-5.2935,-2.8727,-1.8129
-5.2316,-2.4879,-1.3847
-5.3884,-2.9332,-1.8750
-5.1759,-2.3862,-1.2792
-5.4044,-2.8965,-1.8690
-4.9953,-1.9946,-0.9599
-5.3706,-2.7893,-1.7507
-5.2669,-2.8647,-1.7876
-5.3081,-2.6663,-1.5983
-5.3809,-2.9109,-1.8804
-5.2593,-2.8536,-1.7796
-5.3765,-2.8173,-1.8014
-5.3522,-2.9104,-1.8770
-5.2591,-2.5515,-1.4729
-5.3922,-2.8722,-1.8709
-5.3562,-2.9104,-1.8914
-5.3567,-2.9265,-1.8660
-5.3719,-2.8477,-1.8402
-5.3834,-2.9096,-1.9257
-5.3695,-2.9306,-1.9033
-5.3526,-2.9182,-1.8749
-5.3564,-2.8965,-1.8588
-5.3740,-2.9178,-1.9297
-5.3477,-2.9001,-1.9667
-5.3194,-2.8672,-1.9422
-5.2744,-2.8195,-1.9125
-5.1954,-2.7473,-1.8419
-5.1044,-2.7061,-1.7584
-5.2763,-2.8789,-1.8608
-5.2381,-2.6949,-1.7856
-4.5581,-1.1724,-0.9478
-4.9248,-2.2824,-1.2431
-4.5745,-2.2684,-1.2388
-4.4690,-1.2398,-0.5422
-4.6352,-2.3393,-1.2646
4.6555,0.0027,1.5343
4.3570,0.1962,-1.8418
4.6703,0.0446,-0.0794
2.1768,0.0528,2.5875
-2.7236,-0.7073,1.6979
-4.7865,-2.0384,-1.3707
5.3497,-0.1577,-1.7584
-3.2868,-1.6231,-1.7166
-4.2955,-1.9541,-1.0292
4.9877,0.0547,-0.8921
-0.0288,0.3780,-0.7906
4.3854,0.0510,1.8624
3.2511,0.4514,-1.5278
4.0807,0.0156,-1.2616
4.2274,-0.0764,1.1735
-0.4909,1.0448,-1.4640
6.4868,-0.1116,-1.1771
2.9735,0.2063,0.0032
-0.3641,0.3046,-1.3779
3.5812,0.0151,2.0905
-0.5973,1.0915,-1.2383
5.8364,-0.1754,-2.1089
2.9853,-0.0055,0.3268
-1.1752,0.3723,-1.5634
2.8789,0.0218,2.3450
-1.4610,1.3041,-1.1489
5.5795,-0.1944,-2.2702
1.7600,0.0959,0.4712
-0.7517,-0.0059,-1.7085
2.2728,-0.1137,2.1367
-2.1285,1.1171,-1.4526
6.2259,-0.2075,-2.1335
-1.3420,1.0265,-1.0980
3.5121,-0.0916,-2.2531
0.7298,-0.0074,0.8698
-0.7881,-0.2716,-1.8949
1.1319,-0.2309,1.8975
-2.0150,-0.1182,-1.7280
0.0743,-0.1239,2.5374
-2.3475,0.6048,-1.5588
5.1959,-0.1676,-1.9785
-2.6110,0.9909,-1.4657
4.0116,-0.1325,-2.1806
-2.5452,0.6730,-1.3965
2.6421,-0.1136,-2.1046
-2.4924,0.4551,-1.2901
1.7632,-0.1029,-2.0101
-2.6024,0.3323,-1.3368
1.2370,-0.1317,-1.8149
-2.7216,0.0541,-1.4103
0.7623,-0.1339,-1.3563
-2.7028,-0.6810,-1.4290
-1.4931,-0.2911,2.2409
-2.5600,-1.1149,-1.7219
-1.8403,-0.4470,1.9639
-2.2300,-1.2587,-1.9933
-2.8124,-0.8682,0.2473
-1.1409,-0.6163,-1.9391
-3.1517,-1.2726,-1.2364
-2.2413,-0.5545,1.8831
-2.6016,-1.3547,-1.8926
-3.2848,-1.1486,-0.8065
-2.4390,-0.5889,1.8489
-3.0536,-1.4980,-1.6809
-3.4449,-1.3127,-0.7926
-2.8787,-0.7838,1.5337
-3.0788,-1.5131,-1.7274
-3.5802,-1.6362,-1.2109
-3.5386,-1.1938,-0.2210
-3.3225,-1.0490,1.1358
-3.3021,-1.6014,-1.5720
-3.5479,-1.6128,-1.2291
-3.7052,-1.7158,-1.2359
-3.7965,-1.7057,-1.1149
-3.8338,-1.6228,-0.8915
-3.9065,-1.6350,-0.7967
-3.9332,-1.6739,-0.8823
-3.9070,-1.7307,-1.0698
-3.8000,-1.6828,-1.1181
-3.7913,-1.5720,-0.9838
-4.3072,-1.9300,-0.8359
-3.8582,-1.6845,-1.0687
-4.1538,-1.7365,-1.0128
-4.2349,-1.6835,-1.0686
-4.0328,-1.6826,-0.9702
-4.3926,-2.0486,-1.0978
-3.4323,-1.3334,0.6161
-2.2691,-0.7375,1.3117
2.6762,-0.0211,2.5442
5.4628,-0.2085,-2.2502
-4.1489,-1.8254,0.4144
4.2411,0.1348,2.0831
6.3157,-0.1471,-2.5191
-0.9572,-0.8317,0.0368
-4.4156,-2.1077,-0.8105
-2.4461,-0.7747,1.3688
-1.9538,-0.7252,-1.4060
-3.9921,-1.7393,0.0559
-2.3329,-0.7688,1.5171
-1.6770,-0.6040,-1.6423
-3.0104,-1.0307,1.3849
-2.5580,-0.8357,1.1262
-4.5878,-2.2349,-1.1861
-3.3287,-1.0654,0.4736
-2.9161,-0.8874,-0.0563
-4.3613,-2.1025,-0.3836
-3.2814,-1.2355,0.5796
-4.4294,-2.0999,-1.0902
-3.7505,-1.5201,0.1730
-3.2955,-1.1550,0.2679
-4.3530,-2.0696,-0.9813
-3.5081,-1.4517,0.3624
-4.4884,-2.1962,-1.1621
-3.7085,-1.5886,0.4325
-3.4394,-1.1625,0.1220
-4.1815,-1.8137,-0.3437
-3.1509,-1.2579,0.7006
-4.6735,-2.1735,-0.9802
-1.6212,-0.5665,2.1363
-4.8929,-2.3686,-1.1605
-1.8928,-0.5934,2.0635
-2.4444,-1.0713,0.5134
-2.4781,-0.8237,1.7276
-0.1728,-0.6456,1.2524
-2.9240,-1.0670,1.3704
0.6233,-0.4045,2.1500
-3.0754,-1.1639,1.1842
1.0415,-0.2072,2.5183
-3.0291,-1.1584,1.1681
2.1387,0.1823,2.5882
-2.9134,-1.1173,1.2137
2.4971,0.3262,2.4934
-2.7136,-1.0266,1.3734
2.7796,0.3712,2.3303
-2.3856,-0.8483,1.7022
3.1740,0.2654,2.0292
-2.0549,-0.6499,2.0189
3.0563,-0.0176,1.6361
-1.5074,-0.4200,2.3293
2.6628,-0.3208,0.6536
-1.3113,-0.4410,2.2924
-1.6988,-0.5552,2.1681
0.0630,-0.1694,2.2244
-0.9862,-0.3500,2.4290
1.9920,-0.2931,1.5840
-1.4971,-0.4716,2.1244
0.2781,-0.2524,2.6093
1.1652,-0.2441,1.9875
-1.3312,-0.4439,2.0927
1.5804,-0.1437,2.4557
2.4853,-0.2058,1.1607
-0.8895,-0.3897,1.8128
0.8758,-0.3031,1.4421
6.1565,-0.2221,-2.2400
5.1342,-0.1763,-1.4302
2.0142,-0.3265,-0.2751
1.5928,-0.3757,-0.1818
3.8909,-0.2611,-1.3223
5.4462,-0.2151,-1.9807
6.6281,-0.1745,-2.2793
6.7008,-0.1878,-2.0541
6.6946,-0.1775,-1.7737
6.6390,-0.1436,-1.3799
0.8872,0.0460,-0.5150
-0.3940,-0.1984,1.8928
3.1486,-0.0974,1.4736
5.5992,0.0356,0.7977
2.2233,0.0682,2.4661
0.4965,-0.0095,2.7067
2.5437,0.2040,2.5994
3.3060,0.1587,2.4569
-4.1287,-1.3573,0.3034
-3.1462,2.4983,0.6929
-4.3968,5.1434,-1.0679
5.9118,-0.0501,-2.3074
-4.5035,4.0061,-1.1602
-4.4371,4.9349,-1.1838
-3.6921,4.1568,-0.2044
-4.3642,3.9822,-0.5640
-4.4599,4.9278,-1.1701
-2.2957,2.2465,1.2753
-4.1194,-0.2875,0.3021
-4.4364,5.0053,-1.0733
-2.9868,2.2209,0.9023
-4.2385,-1.5707,0.0975
-4.0898,4.7918,-0.6414
-3.9833,3.5802,-0.0869
-4.4477,4.7295,-1.1362
-1.9270,1.6198,1.5727
-3.9215,-0.9122,0.4910
-4.3500,4.9422,-0.9466
-3.0290,2.4479,0.8311
-4.4488,4.6888,-1.1404
-1.4805,1.3742,1.7834
-3.7416,-0.7635,0.5851
-4.3491,5.0941,-1.0025
-2.4715,0.8836,1.4861
-4.4489,4.5538,-1.0861
-1.3275,1.2948,1.7798
-4.8310,-1.8952,-0.8084
-1.0486,1.1180,1.8849
-3.0110,-0.1557,1.1785
-4.3837,4.9545,-1.0509
-1.9760,0.5077,1.8693
-4.5969,4.6013,-1.1929
-1.0598,0.9500,1.9695
-4.4542,4.4205,-1.0946
0.4694,1.0138,2.0834
-4.9559,-2.1787,-1.0562
1.2885,0.8050,2.2708
-4.0078,-0.8557,0.0732
1.6920,0.5424,2.3881
-3.2508,-0.3273,0.8955
1.9775,0.4112,2.3866
-3.0281,-0.2375,1.1280
2.3953,0.3640,2.3003
-3.1874,-0.4767,1.0248
2.7506,0.4896,2.0846
-3.8693,-1.1474,0.4008
2.7137,0.6697,1.5935
-4.5278,4.1068,-1.1527
0.5107,0.9397,1.2334
-2.4403,2.6129,0.5405
-1.4167,0.9243,1.3727
3.1724,-0.0250,2.0053
-2.5610,0.1456,1.2697
4.0907,0.4011,0.6424
-1.1196,1.1921,1.3663
-1.3653,1.3868,0.7248
4.6634,0.0547,0.9560
-4.0418,4.5057,-0.8574
-0.8835,1.6729,0.2625
5.2081,0.0196,0.2759
1.1662,0.0278,1.8221
-1.9039,2.0562,-0.2226
5.4110,0.1087,-1.2942
4.8441,-0.1003,0.3424
2.4197,-0.1012,1.6360
-2.1507,2.1640,-0.2999
1.7331,1.0339,-1.0762
5.6082,0.0288,-1.8723
6.1799,-0.0760,-1.9981
6.2534,-0.0941,-2.0603
6.2509,-0.0981,-2.1388
6.2471,-0.1012,-2.2001
6.2702,-0.1185,-2.1831
6.0402,-0.1249,-1.8300
5.0894,0.0245,-1.0858
6.0683,-0.0796,-2.3259
6.1431,-0.1439,-1.4968
6.4248,-0.1604,-2.2183
6.4166,-0.1628,-2.1571
6.1197,-0.1165,-1.2889
6.1009,-0.0953,-1.3868
-1.1220,2.3694,0.8531
6.0787,-0.0471,0.1387
-4.4390,5.1549,-1.1693
2.8381,0.7496,1.0506
5.6414,-0.0224,0.8115
-4.2768,5.3724,-1.0158
5.7675,0.0655,-0.2839
4.8931,0.0179,1.5477
-3.5259,4.7078,-0.3334
5.9352,0.0007,0.3401
4.5092,0.1956,1.9147
3.4008,0.6667,1.3330
5.2844,0.0320,1.2257
-4.1954,5.4128,-0.8966
5.8257,0.0570,0.3374
4.2649,0.1848,2.0395
2.1991,1.0523,1.7502
5.2132,0.0849,1.2976
-4.0369,5.1878,-0.7240
5.5404,0.1121,0.7831
3.7512,0.2840,2.2828
4.0862,0.4933,1.5555
4.5912,0.1377,1.7720
-2.6992,3.8002,0.3643
5.0547,0.1978,1.3532
-4.1996,5.2248,-0.8429
4.9815,0.2422,1.2877
3.0270,0.3395,2.5243
4.1550,0.4382,1.7394
3.7171,0.2581,2.2438
1.2665,1.3423,1.9840
3.9942,0.3674,2.0343
-2.1651,3.2898,0.7460
3.7611,0.5006,1.9775
-3.1781,3.8594,0.1358
3.3841,0.6284,1.9888
-3.4684,3.9048,-0.0547
2.7619,0.8294,2.0326
-3.5303,3.9405,-0.0870
1.8449,1.1482,1.9910
-3.4036,3.8887,0.0422
0.6354,1.6673,1.7831
-2.7700,3.3871,0.5857
-0.2952,2.0490,1.6481
-1.2478,1.9316,1.7000
-0.9060,2.2038,1.6328
-0.2562,1.5214,2.0333
-0.8691,1.8615,1.8678
-2.5032,3.5097,0.5803
-1.5083,1.4336,1.9176
-3.5908,4.6297,-0.2888
-1.8618,1.9390,1.5256
-3.0402,3.5448,0.4019
-3.6631,4.3612,-0.2360
-2.5644,1.4397,1.4325
-3.9922,4.6936,-0.5443
-3.7200,3.9658,-0.1402
-3.0309,1.5576,1.0700
-4.1789,4.6742,-0.6766
-4.2209,4.8642,-0.7317
-3.6482,0.2410,0.7966
-3.8887,2.8026,-0.0145
-4.4341,4.7628,-0.9166
-4.3756,4.7934,-0.8311
-3.9466,3.7884,-0.2037
-4.6294,-1.0634,-0.3650
-4.6957,-0.8086,-0.5530
-4.7444,-0.7235,-0.6170
-4.7778,-0.7967,-0.6454
-4.8211,-1.0672,-0.6748
-4.8649,-1.4013,-0.6990
-4.9593,-1.8492,-0.8186
-5.0368,-2.1653,-0.9501
-4.2637,0.1568,0.1136
-4.3162,-1.1957,0.1332
-5.0501,-2.3614,-1.0347
-4.2347,-1.5864,0.1167
-4.2386,-1.6769,0.0427
-4.0514,-1.5640,0.2305
-4.4506,5.1669,-1.2103
-4.1521,5.3790,-0.9863
-4.0185,1.7423,-0.1468
-4.3845,5.3574,-1.1947
-4.3031,5.1325,-1.2547
-2.1894,1.0821,1.7341
-4.1831,5.3630,-1.0262
-4.1818,3.7973,-1.6084
2.7618,0.6955,2.2936
-4.1189,5.3134,-0.9208
-4.2316,4.3093,-1.2413
-4.3262,5.3960,-1.0880
-4.3013,4.9832,-1.2633
-2.1218,0.8067,1.8633
-4.0383,5.1902,-0.8213
-4.3804,4.9525,-1.4181
5.3388,0.1863,0.8625
-4.2897,5.1003,-1.0876
-2.6733,0.4762,1.5141
-4.0008,5.1642,-0.7479
-4.3142,4.8232,-1.4684
-4.2346,5.4614,-0.9613
-4.1140,4.6888,-1.2295
-1.6960,0.5316,2.0713
-4.0612,5.1608,-0.7517
-3.5887,2.3802,-1.3927
-3.7228,4.8727,-0.4611
-3.8437,4.1878,-1.4681
4.6092,0.1461,0.9255
-3.5590,4.1302,-1.0697
-1.3080,0.3070,2.0142
-3.3926,4.0791,-0.1988
-2.5629,1.3713,-0.3712
-2.4308,2.6468,0.7781
-3.0291,2.3714,-1.2177
-1.7132,1.8748,1.2829
-3.2063,3.2603,-1.1912
-1.2073,1.6586,1.3968
-3.0267,3.4369,-1.0291
-0.7358,1.4549,1.4165
-2.6884,3.2521,-0.8440
-0.3451,1.2411,1.4829
-2.2817,2.8804,-0.7441
0.1251,1.0384,1.5078
-1.9197,2.5364,-0.6530
1.1108,0.9013,0.9694
-1.6206,2.1085,-0.4253
3.4312,0.5942,-0.5622
-1.0059,1.5597,-0.2928
4.9790,0.2331,-1.8132
-0.2712,0.8106,-0.7444
5.1660,0.1477,-2.1459
4.9681,0.2144,-0.8028
2.4999,0.7020,-1.0880
6.0080,-0.0239,-2.0714
5.0744,0.1965,-0.2297
5.9450,-0.0406,-2.0943
6.1530,-0.0519,-1.9689
1.7709,0.7134,-1.4147
6.2754,-0.1083,-2.2101
6.3887,-0.1067,-2.1699
6.1335,-0.0365,-1.1269
5.8823,-0.0488,-1.9595
6.5896,-0.1706,-2.3543
6.6080,-0.1470,-2.1337
6.4829,-0.1038,-1.4054
6.2656,-0.0664,-0.4989
5.8764,-0.0419,-1.8339
6.3696,-0.1280,-1.9797
6.5421,-0.1594,-2.0131
6.5770,-0.1641,-1.8998
6.5100,-0.1512,-1.7392
6.2777,-0.1144,-1.4870
5.9969,-0.0515,0.2886
6.2542,-0.1008,-0.2831
6.3130,-0.1274,-0.7293
5.8075,-0.0676,0.4880
5.4389,-0.0619,0.1895
5.1765,-0.0186,1.2570
4.8760,-0.0167,1.2752
-4.3887,-2.1875,-1.1767
-4.5588,-2.2888,-1.2874
-4.5321,-2.0822,-0.9968
2.0047,0.0599,2.6494
-2.7524,-0.7265,1.6852
-4.9676,-2.2997,-1.5079
-0.3402,-0.0993,2.6253
-3.5410,-1.3727,0.7706
-4.5058,-2.1736,-1.0457
-1.7293,-0.2296,2.3231
-4.5107,-2.0895,-0.5145
2.5619,0.1589,2.6399
-2.6639,-0.6972,1.7613
-5.2512,-2.7525,-1.7205
-1.0152,-0.0052,2.5934
-3.9542,-1.6869,0.1820
3.1884,0.2663,2.4970
-2.6236,-0.5835,1.8560
-5.3125,-2.7727,-1.6550
-1.0999,0.2388,2.5764
-4.0036,-1.7029,0.2427
1.9090,0.3795,2.7315
-2.8079,-0.8019,1.6683
-5.2460,-2.7433,-1.6828
-2.5070,-0.0714,1.9143
-5.0256,-2.3432,-0.9150
-0.7636,0.6886,2.4933
-3.3916,-1.2906,1.0727
0.3535,0.7809,2.5355
-2.9168,-0.8898,1.5817
-5.0823,-2.6331,-1.5295
-3.1526,-0.5675,1.4489
-5.2233,-2.6535,-1.4380
-3.0199,0.0521,1.3764
-4.9201,-2.2446,-0.7301
-2.9708,0.4940,1.2903
-3.7560,-1.4125,0.7190
-3.1635,0.5237,1.0901
-3.1503,-1.0641,1.2666
-3.4903,0.2943,0.8001
-2.9905,-0.9863,1.3859
-3.7796,-0.0348,0.5354
-3.1902,-1.1251,1.2133
-3.9645,-0.3302,0.3670
-3.8625,-1.5534,0.5095
-4.0325,-0.5631,0.3116
-4.5513,-2.1865,-0.4527
-4.0842,-0.7891,0.2629
-4.4690,-2.1236,-0.9178
-4.1059,-1.0495,0.2839
-4.9317,-1.8926,-0.8609
-4.6601,-2.0784,-0.6903
-4.8521,-1.8605,-0.7544
-4.6375,-2.3481,-1.4330
-4.9043,-2.1009,-0.9752
-5.1092,-2.2828,-1.1648
-4.8738,-2.6476,-1.7521
-5.0508,-2.3820,-1.2821
-5.2013,-2.4786,-1.3496
-4.9126,-2.7116,-1.7882
-4.9862,-2.6860,-1.7685
-5.2114,-2.6173,-1.4865
-4.7071,-2.4274,-1.4519
-4.9414,-2.6908,-1.7041
-4.9473,-2.6974,-1.7138
-4.9970,-2.7034,-1.7204
-5.0891,-2.6834,-1.7556
-5.3193,-2.9103,-1.9081
-4.6473,-2.3681,-1.3415
-4.7010,-2.4161,-1.3863
-4.7270,-2.4403,-1.4005
-4.7239,-2.4411,-1.3806
-4.7828,-2.5064,-1.5159
-4.7259,-2.4804,-1.4484
-4.7904,-2.5243,-1.4950
-4.8553,-2.6277,-1.6013
-4.8368,-2.5669,-1.5283
-4.8189,-2.5444,-1.5152
-4.8630,-2.6067,-1.5629
-4.7645,-2.4956,-1.4669
-1.4196,0.0427,1.9805
5.6022,0.0528,0.1858
1.6115,0.1100,2.7722
-4.8875,-2.3102,-0.8051
5.9684,-0.1882,-1.5793
0.5692,-0.1901,2.7225
-3.0155,-1.1233,1.3130
2.4073,0.2487,-0.7414
-4.2179,-1.6795,-0.7932
1.2325,-0.2975,2.3456
-0.8596,1.1360,2.0994
-4.8466,-2.4031,-0.7619
5.8138,-0.1788,-1.4247
0.1463,-0.2382,2.6995
-1.8848,-0.7519,1.6501
1.2973,1.1644,1.6661
-4.6774,-2.3974,-1.3177
4.8928,-0.1078,-0.0399
0.3431,0.0860,2.7649
-2.0597,-0.7827,1.6365
1.8114,1.1338,1.5125
-4.3397,-2.1160,-0.2280
4.6393,-0.1860,-1.5935
-4.3090,-1.8313,-0.8887
-0.0426,-0.2388,2.5936
2.3639,0.9612,1.9355
-2.9367,-1.0771,1.3545
2.4796,0.8050,0.5346
-3.8102,-1.6676,0.3315
2.7402,-0.2507,-1.6551
-4.3442,-2.0576,-1.0490
1.3390,-0.0051,2.3134
3.8001,0.4195,2.1619
-0.6513,-0.1369,2.6392
3.4120,0.6328,1.9753
-1.7765,-0.4555,2.2557
2.0288,1.1124,1.8301
-2.2726,-0.6791,1.9464
1.1781,1.5417,1.4019
-2.4943,-0.7872,1.7971
1.4406,1.4000,1.2639
-2.3677,-0.6989,1.9307
2.0426,1.1289,1.4681
-1.9135,-0.4136,2.2712
3.0730,0.7055,1.7780
-0.8711,0.1424,2.6346
4.1743,0.3986,1.7902
0.9043,0.4948,2.6723
-3.9648,-1.7285,-0.0547
-0.2911,0.7417,1.2750
-3.4012,-1.3854,0.8767
0.9256,0.9003,-0.1221
-0.7599,0.4054,2.5642
-4.3804,-2.0726,-0.9752
0.4546,1.1366,1.9681
-3.1458,-0.9873,1.3831
4.5273,0.2583,0.3072
1.4580,0.9286,2.3369
-3.4898,-1.1778,1.0533
4.8498,0.1815,0.3106
1.0310,1.3263,1.8582
-1.9000,0.7267,1.8245
-4.0908,-1.9200,-0.4515
3.9011,0.4381,1.3560
1.3331,1.3447,1.7708
-0.5238,1.4740,1.9669
-3.0620,0.5138,1.0915
-4.7065,-1.8587,-0.5177
-4.7709,-2.3699,-0.7530
-4.6698,-2.3139,-0.8645
-4.7889,-2.4054,-0.9625
-4.9396,-2.2739,-0.9413
-4.1722,-0.5929,0.1952
-3.0108,3.0056,0.7017
-0.2593,1.6294,1.9037
-4.1633,-1.2033,0.3911
-1.2430,1.2264,2.0101
-2.1819,0.5442,1.8603
-4.3444,-1.9876,-0.5040
-3.0359,-1.2248,0.1997
5.1890,0.0402,1.1765
5.9049,-0.0850,-2.5912
5.7401,-0.0766,-2.6419
-2.3987,-0.9768,-1.7781
6.1452,-0.0263,0.0373
4.5915,-0.2591,-0.9491
4.4803,0.0761,1.9324
6.0941,-0.0187,-1.7881
5.3825,-0.2475,-1.5924
5.3967,0.1022,1.2164
5.3923,-0.0805,-2.6805
5.9288,0.0267,0.4965
6.2435,-0.2260,-2.3321
5.4079,0.0598,1.2059
5.0203,0.2220,-1.4065
5.7863,0.0153,0.7875
6.3062,-0.2158,-2.4845
5.7223,0.0170,0.8118
4.2147,0.4292,-0.9123
5.2015,0.1145,1.3556
5.8644,-0.1945,-2.5697
5.1228,-0.0194,1.3642
5.4582,-0.0402,-0.5963
5.0698,-0.0459,1.3539
0.5482,0.4482,1.0156
5.1723,-0.0111,1.3029
0.2261,1.0503,1.3572
5.3268,0.0292,1.1068
1.2224,0.6886,2.3275
1.5357,0.4100,2.6397
1.3883,0.3914,2.6887
1.4856,0.4154,2.7140
3.5442,-0.0447,2.0880
0.5439,0.4248,2.6427
3.4332,-0.0826,2.0873
-0.5230,0.1529,2.4161
3.9014,-0.1159,1.6639
1.1161,0.0289,2.3450
4.6247,0.0260,1.6713
-0.8149,-0.3132,1.3233
4.3416,0.2378,2.0060
-1.9468,-0.6776,1.4860
3.0636,0.3296,2.4765
5.7400,-0.1314,-0.9917
2.3219,-0.0007,0.2506
5.4802,0.0272,0.8365
-1.6668,-0.5801,1.6851
4.7656,0.1079,1.5821
6.2873,-0.1579,-1.4494
1.7716,-0.1744,1.6073
5.6403,0.0417,0.6448
6.6012,-0.1869,-1.7251
0.1990,-0.1731,1.7391
4.6282,0.0425,1.5423
6.5314,-0.1205,-1.2007
6.4034,-0.2080,-2.6820
4.8335,-0.0071,1.1930
4.3356,-0.0237,1.6811
6.0589,-0.0017,-0.1540
5.9046,-0.0252,-2.2422
6.1281,-0.1293,-2.7391
6.0899,-0.1249,-2.7306
5.9117,-0.0876,-2.6770
5.8759,-0.0766,-2.6350
5.9142,-0.0756,-2.6184
6.0511,-0.0901,-2.5912
6.1216,-0.1145,-2.6642
4.1986,0.1184,-2.8732
5.8987,-0.0301,-2.3092
5.6535,-0.0775,-2.7913
5.6209,-0.0104,-2.5713
5.8171,-0.0818,-2.2031
5.7209,0.0227,0.7981
6.6873,-0.2141,-2.2317
6.3300,-0.1847,-2.6417
2.0182,1.3108,-1.0417
1.7918,0.1838,0.6301
4.4382,-0.0024,-2.8598
-4.1338,5.4297,-1.1007
-2.9065,3.4592,-0.2292
5.5142,0.1895,0.3372
6.0458,-0.2368,-2.3655
6.5464,-0.1000,-0.9499
5.2613,-0.1159,-2.8518
6.3675,-0.2184,-1.8608
5.5909,0.0180,0.9530
5.7041,-0.1765,-2.7507
6.7382,-0.1708,-1.8568
5.4479,0.1753,0.8258
5.1235,-0.2269,-2.2582
6.1951,-0.0297,-0.0579
5.0683,-0.1113,-2.7715
6.4251,-0.1914,-1.4861
5.2824,0.1320,1.2407
3.3797,-0.0444,-2.3126
6.1924,-0.0201,-0.1579
5.5220,-0.0738,-2.5652
6.2956,-0.1756,-1.3346
4.9979,0.2129,1.4362
2.2452,0.2614,-2.1115
5.1541,0.1077,1.3316
2.5816,0.2311,-1.5642
6.1855,-0.0822,-0.4801
1.3621,0.5031,-1.5644
4.6127,-0.0413,-2.0284
3.8099,0.3951,2.1488
-0.0948,0.5582,-2.0993
3.3745,0.3201,2.2734
-0.1959,0.3676,-1.2828
3.6745,0.2484,1.7781
0.0328,1.0986,0.1647
2.9134,0.2344,0.9775
-0.8836,1.6094,0.1390
1.7768,0.4250,-0.3263
-1.4762,2.0072,-0.0114
1.1052,0.5301,-0.7636
-0.9875,1.8580,1.3285
0.8015,0.7747,-1.0429
-1.4610,2.0581,1.1114
0.5108,0.9512,-0.8365
-0.6875,1.6550,-0.4987
0.1599,1.0901,-0.5527
-0.7713,1.6945,-1.3291
-0.6251,1.1229,0.2185
0.1246,1.5871,-1.6056
-1.1701,1.1586,0.4544
1.0233,1.4218,-0.4703
-1.7962,1.4414,0.0674
0.7042,1.4209,-0.6536
-0.2525,1.3092,-0.3133
-0.3513,1.6597,-1.3528
1.6999,1.2344,-0.8950
-1.6311,1.5943,-1.5992
0.3369,1.6909,-1.1201
-0.0094,1.8091,-1.4240
-1.4589,1.7587,-1.7356
0.2197,1.9997,-1.1232
0.2919,1.8854,-1.1632
-1.9680,2.4974,-1.7091
-0.7218,2.6050,-1.5097
-0.4900,2.5575,-0.7742
-1.6499,2.8505,-0.8294
-2.8796,3.9954,-1.4484
-2.9942,4.4785,-1.1974
-2.7592,4.3583,-0.9438
-2.6478,4.2887,-0.7970
-2.6094,4.2490,-0.8054
-2.4088,4.1074,-0.7877
-2.2748,4.0002,-0.7455
-2.7562,4.3165,-0.7571
-3.6261,5.0027,-0.8903
-4.0982,5.4164,-1.0898
-0.3304,2.2839,-0.2202
-3.8976,5.2258,-0.9933
-2.3114,3.5103,-0.2591
-2.7403,3.9603,-0.5318
-1.7497,2.9747,-0.2400
-4.0858,5.0798,-1.1313
-3.4922,4.0934,-0.8367
-4.4615,4.9931,-1.2917
3.8233,0.5418,1.8754
-4.1679,4.2787,-1.4726
-4.0067,4.9522,-0.9634
-1.4300,1.4798,1.8500
-4.2410,5.1587,-1.2162
-4.3796,5.1894,-1.2352
-4.0139,2.6354,-0.3196
-3.6359,4.4314,-0.6712
4.0848,0.5314,1.6049
-4.1503,4.7916,-1.3509
-3.2920,3.5817,-0.5527
-2.8126,2.4593,0.7753
-3.6858,4.5678,-0.6997
-4.4502,5.0971,-1.2949
-4.1710,4.8479,-1.1662
-1.7244,2.2075,0.2702
-2.7501,2.8544,0.6176
-3.1683,3.4797,-0.4457
-4.4636,5.0594,-1.2998
-4.1195,5.0495,-1.2043
-0.5001,1.5345,0.7274
-3.6939,3.9000,-0.3505
-1.0109,1.8511,0.3850
-1.0831,2.3749,1.2875
-3.4362,3.7280,-0.7185
-4.3995,4.9133,-1.2902
-4.0859,5.1121,-1.1726
1.9123,0.5756,1.2343
-3.8936,4.8147,-0.7582
2.0318,0.5688,1.0350
-3.4269,4.3680,-0.3011
0.2338,1.1654,0.6442
-2.9440,4.0080,0.0050
-1.2888,1.6783,0.2968
-2.6310,3.7436,0.1887
-2.1118,2.0529,0.0184
-2.6470,3.7077,0.1701
-2.5418,2.4305,-0.1894
-2.8632,3.8834,0.0020
-2.6633,2.4749,-0.2365
-3.2161,4.1898,-0.3068
-2.5520,2.2425,-0.1218
-3.5303,4.5588,-0.7030
-1.8295,1.7162,0.1411
-3.9114,5.0402,-1.0982
1.7636,0.4919,1.0005
-4.2640,5.4532,-1.2962
-2.3721,2.8013,-0.2566
-4.0413,5.1935,-1.1007
-3.2557,4.1395,-1.3737
-3.8009,3.9668,-0.9478
-4.3089,5.5293,-1.2955
-3.2292,3.7427,-0.7308
-4.2669,5.2442,-1.2532
-4.2225,5.5848,-1.2622
-2.7770,3.0671,-0.4532
-4.3370,5.2798,-1.3026
-4.2967,5.4919,-1.2462
-3.2345,4.2546,-1.4674
-4.3826,5.2176,-1.3391
-4.3410,5.3194,-1.3001
-4.2947,5.4215,-1.2135
-4.1624,5.6036,-1.1703
-4.0684,4.6655,-1.1445
-4.4445,5.2539,-1.3552
-4.4311,5.2166,-1.3446
-4.4112,5.2174,-1.3094
-4.4031,5.1797,-1.2911
-4.4025,5.1406,-1.2882
-4.4296,5.1067,-1.3030
-4.4659,5.0630,-1.3104
-4.2604,5.5029,-1.1593
-4.4013,5.0657,-1.2369
-4.2305,5.4948,-1.1450
-4.3865,4.8554,-1.2231
-4.4225,4.8472,-1.2512
-4.3884,5.0379,-1.3276
-4.4267,4.9484,-1.3442
-3.8351,4.3019,-1.0138
-4.4604,4.9867,-1.3231
-4.4643,4.8370,-1.2973
-3.7788,4.2826,-0.9964
-4.4484,5.0726,-1.2744
-4.4144,4.7486,-1.2010
-3.7742,4.3368,-0.9546
-4.4723,4.7832,-1.3080
-3.9036,4.2623,-1.0099
-4.4502,4.9738,-1.2661
-4.4715,4.6741,-1.2476
-3.9004,4.2515,-1.0098
-4.4109,4.9416,-1.2019
-3.8467,4.0505,-0.9040
-4.3940,4.8026,-1.2007
-4.4883,4.6098,-1.2477
-3.8498,4.0216,-0.8971
-4.4362,4.8662,-1.1988
-3.8619,3.9078,-0.9163
-4.4116,4.7415,-1.1805
-4.0459,3.7997,-0.9448
-3.8542,4.0267,-0.8358
-4.5067,4.6143,-1.2712
-3.7725,3.6185,-0.7678
-4.4630,4.8040,-1.2197
-3.9775,3.6185,-0.9781
-4.4198,4.6217,-1.1743
-3.9964,3.7141,-0.9542
-4.5195,4.6290,-1.2514
-4.0302,3.6245,-0.9587
-4.3913,4.3950,-1.1590
-4.0296,3.6290,-0.9703
-4.0633,3.7722,-0.9355
-4.0316,3.6757,-1.0006
-4.0153,3.6696,-0.9015
-4.0471,3.6744,-1.0229
-3.9978,3.6046,-0.8795
-4.0788,3.6316,-1.0249
-4.0399,3.5666,-0.9073
-4.1089,3.5520,-1.0238
-4.3686,4.1327,-1.1497
-4.1166,3.4490,-1.0147
-4.5145,4.2704,-1.2246
-4.1504,3.4030,-1.0478
-4.4937,4.2556,-1.2117
-4.0617,3.3359,-0.9437
-4.4744,3.8014,-1.1588
-4.1722,3.5180,-1.0607
-4.1845,3.4859,-1.0932
-4.5188,4.2457,-1.2457
-4.1001,3.3115,-0.9692
-4.5080,3.9975,-1.1802
-4.5184,4.2173,-1.2865
-4.2541,3.5531,-1.0953
-4.5054,4.2312,-1.2030
-4.5363,4.2890,-1.2996
-4.4252,3.9907,-1.1686
-4.0707,4.2939,-1.1049
-4.3225,4.4940,-1.2088
-3.9426,4.4113,-1.0772
-2.7831,3.7385,-0.8250
-0.5838,2.5149,-1.0558
1.5161,0.5327,0.8367
1.4632,0.8777,0.4666
1.8400,0.9269,0.1185
2.5623,0.8646,-0.3966
3.1394,0.7330,-0.7553
3.5552,0.6120,-0.9482
4.0298,0.4399,-1.0425
4.7216,0.1876,-1.1267
5.2412,0.1273,-1.7169
4.9718,0.1870,-1.8096
5.7836,-0.0233,-2.0317
6.0076,-0.0766,-2.3260
6.2265,-0.1201,-2.3120
6.3051,-0.1430,-2.2290
3.9186,0.0228,-2.8200
3.3532,-0.2396,0.3018
2.9086,0.9868,-1.4824
-1.8408,-0.4156,-1.7384
5.3871,0.0370,-0.4308
0.2716,1.9503,-0.4692
-1.3619,-0.7113,-1.7911
2.7013,0.6673,-1.7393
-1.8467,-0.8871,-1.9550
5.6899,-0.0274,-2.2430
3.5579,0.7467,-1.9003
2.8573,-0.3664,-2.4220
2.5924,1.1142,-2.0777
2.1003,-0.3738,-2.3545
0.8188,1.8844,-1.5852
1.2643,-0.4762,-2.3145
0.6447,2.1143,-1.3324
4.3502,0.2479,-1.8089
-0.8160,1.9701,-0.9884
1.7008,0.0957,0.0249
2.6995,-0.2384,-1.2291
6.7663,-0.1783,-1.9173
1.3988,-0.3185,1.6535
4.0640,0.0772,2.1125
3.8928,-0.0234,1.9051
5.5867,-0.0170,-2.3079
5.3955,0.0593,1.0698
6.5506,-0.1688,-2.2616
5.8206,-0.0750,-2.0992
4.3243,-0.0032,1.6186
5.4203,0.0004,-1.9234
5.5356,0.0442,0.5176
6.3131,-0.1366,-2.4901
5.8308,-0.1379,-2.1720
4.8319,-0.0591,1.0321
4.2282,-0.0265,-0.6787
5.2676,0.0492,0.4082
5.0421,-0.0566,-1.1523
5.0053,0.0687,0.5916
6.2038,-0.1238,-2.2271
3.3161,0.0424,2.1858
6.2946,-0.0985,-1.4326
4.1925,-0.1725,-0.6642
5.7610,-0.0288,-0.3775
2.7573,-0.1748,1.0809
5.5191,-0.0103,-0.2196
2.4068,-0.1518,1.4412
5.5844,-0.0328,-0.1520
2.6697,-0.2067,1.1820
5.6082,-0.0663,-0.0309
3.6293,-0.1932,0.4310
4.8902,-0.0988,0.6582
4.7813,-0.1831,-0.6663
4.3092,-0.1411,1.0567
5.3780,-0.1928,-1.4154
3.7646,-0.1690,1.3201
5.7880,-0.1956,-1.9298
3.9463,-0.1834,1.1278
5.9341,-0.1871,-2.1270
4.1888,-0.1951,0.8963
6.0685,-0.1781,-2.2823
5.2042,-0.1966,0.0348
6.1659,-0.1627,-2.3285
6.2778,-0.1928,-1.1583
6.3148,-0.1621,-2.1899
6.5729,-0.1927,-2.0012
5.7002,-0.1622,-0.6053
6.4012,-0.1932,-2.5955
0.5642,-0.4452,1.6754
6.3072,-0.1858,-2.6037
5.9730,-0.2357,-1.1826
6.1096,-0.1309,-1.1154
6.2556,-0.2100,-2.6287
2.0380,-0.3300,1.3638
6.4390,-0.1823,-2.3750
6.1166,-0.2331,-2.3698
2.3811,-0.2840,1.5231
6.5194,-0.1891,-2.3184
5.9690,-0.2283,-2.6696
5.9544,-0.2404,-1.0591
5.2611,-0.1686,0.0025
6.5116,-0.2043,-2.4681
6.1707,-0.2288,-2.7100
6.6004,-0.2124,-1.7512
6.5506,-0.1975,-1.3960
4.2593,-0.1471,1.2729
5.2443,-0.1148,0.5968
5.4863,-0.0885,0.2905
5.4586,-0.0672,0.3491
5.3608,-0.0535,0.6852
4.9596,-0.0454,1.2565
6.6776,-0.1455,-1.8743
6.6807,-0.2119,-2.1513
5.2557,0.0732,0.9713
6.7143,-0.2151,-2.0138
4.5209,0.2138,1.8021
6.6288,-0.2274,-1.9485
3.3813,0.0909,2.0591
3.6347,0.0651,2.3037
1.6991,-0.2780,1.5292
6.7607,-0.1739,-1.8682
0.7491,-0.1742,2.5575
6.1892,-0.1881,-1.2147
6.5681,-0.2318,-1.9428
-1.1396,-0.4008,2.3211
6.4341,-0.1247,-2.0794
2.4360,0.0026,2.6354
0.7548,-0.2551,2.1892
6.6536,-0.1344,-1.6900
-1.0837,-0.3676,2.3980
6.1828,-0.1171,-1.4979
6.1362,-0.2355,-1.3347
-0.6015,-0.2640,2.3630
6.4910,-0.1106,-1.8829
-1.4046,-0.4257,2.3275
5.5784,-0.0518,-1.0529
1.7822,0.1038,2.7695
-0.0782,-0.0241,2.1985
6.4998,-0.0906,-1.1260
-2.2883,-0.6045,1.9877
5.7789,-0.0163,-1.7888
-0.3862,-0.2239,2.6852
3.6169,0.1697,0.3793
5.2127,-0.0663,0.8816
-0.3407,0.2429,2.0845
6.0858,-0.0272,-0.2836
-1.6873,-0.1996,2.2504
6.1350,-0.0500,-1.6594
-1.1792,-0.1887,2.5098
5.6158,0.0343,-1.7038
0.2938,-0.0806,2.7631
4.8314,0.2184,-1.2906
1.8600,0.0717,2.7545
4.2897,0.3360,-0.8450
2.8691,0.1680,2.5855
4.4127,0.3033,-0.7630
3.2736,0.2088,2.4592
5.1395,0.1607,-1.1025
3.3953,0.1934,2.3924
5.6730,0.0564,-1.4255
3.7949,0.0747,2.1774
5.5363,0.1037,-1.1110
4.0683,-0.0343,1.8681
3.7956,0.4946,0.6285
4.9596,-0.0538,1.1430
0.7324,0.9016,1.9383
6.3230,-0.0418,-0.7753
5.3497,0.0392,1.1252
4.8953,0.2819,0.6150
6.1272,-0.1263,-0.1080
5.4312,0.1229,0.7352
5.9635,0.0576,-0.0679
6.2445,-0.1441,-0.3826
0.0573,1.2100,2.0004
5.6468,0.1005,0.6478
6.4889,-0.1559,-0.8574
5.9358,-0.0574,0.0534
3.9776,0.4157,1.9181
5.9759,-0.0087,0.2940
6.4663,-0.1373,-0.8446
6.0568,-0.1027,-0.1647
5.4373,0.0513,0.7616
3.3833,0.3964,2.2373
4.4970,0.1949,1.7190
4.9449,0.1321,1.2933
4.8510,0.1500,1.2381
4.1798,0.2660,1.5980
2.7169,0.5505,2.1346
3.8497,0.3258,1.9488
4.3626,0.0057,0.1220
0.9842,0.2155,0.7904
0.8825,0.1210,1.4258
-1.9026,0.4315,1.5787
-1.1808,-0.1036,1.7446
-2.1682,-0.3071,1.4507
4.0216,-0.0083,-2.7978
-2.1476,-0.7050,1.6115
-4.2111,-1.9141,-0.6102
-0.8082,-0.6650,-2.1216
-2.4543,-0.8386,1.3958
-4.3269,-2.0622,-1.0011
-2.9243,-1.2068,-1.0653
-3.2555,-1.2532,0.4760
5.4121,-0.0783,-2.8501
-3.0120,-1.1252,0.1169
-3.9930,-1.7857,-0.6974
1.3808,-0.1655,-2.5467
-3.1278,-1.2181,0.1945
-4.0580,-1.5963,-0.8172
-3.6103,-1.6773,-1.2587
-3.8194,-1.6993,-0.6758
3.6678,-0.0528,-2.7560
-3.3634,-1.3752,-0.4199
6.2090,-0.1648,-2.7068
-3.5282,-1.5661,-1.1706
-3.8727,-1.7829,-0.9194
0.1520,-0.3869,-2.3514
-3.6183,-1.5646,-0.8248
5.7037,-0.1278,-2.8356
-3.5713,-1.5607,-1.0156
-3.8144,-1.3254,-0.8696
-3.2671,-1.4360,-1.1360
-3.5297,-0.8186,-0.4446
-1.2460,-0.7940,-2.1633
-3.6536,-1.4091,-0.8222
2.3246,-0.1568,-2.6527
-3.5141,-1.5848,-1.1826
4.6397,-0.1493,-2.8020
-3.3710,-1.5872,-1.4516
5.5801,-0.1859,-2.8686
-3.1750,-1.5537,-1.6679
5.8818,-0.1961,-2.8539
-3.0431,-1.5064,-1.8829
5.8753,-0.2115,-2.8246
-2.9483,-1.4311,-1.9420
5.5019,-0.1954,-2.7870
-2.9558,-1.4586,-1.9144
4.6953,-0.1190,-2.7050
-3.1103,-1.5653,-1.8131
3.5706,0.0741,-2.5455
-3.2612,-1.6217,-1.6443
1.8772,0.2462,-2.1228
-3.3438,-1.5630,-1.4435
0.3763,-0.0798,-2.2362
6.0326,-0.2097,-2.6786
-2.5092,-1.2081,-1.9312
4.0468,0.1659,-2.3575
6.4836,-0.2245,-2.2802
0.0990,-0.2201,-2.2982
5.4383,0.0028,-2.4165
-2.9321,-1.4615,-1.8724
0.8314,-0.0474,-2.3753
5.2994,0.0713,-2.3375
6.5586,-0.1899,-2.5384
-1.4146,-0.5487,-2.0096
4.4997,-0.0547,-2.7422
5.6912,-0.0148,-2.4426
6.0929,-0.1018,-2.5987
6.6230,-0.1760,-2.3923
-0.4168,-0.0942,-1.8714
1.5114,0.1737,-2.0775
3.3229,0.0057,-2.2652
4.0358,-0.0373,-2.1975
3.4645,-0.0378,-1.7509
1.5433,-0.0775,-0.7600
6.6640,-0.1350,-1.5257
6.3976,-0.1318,-1.1731
5.3266,-0.1277,-0.7284
6.0646,-0.0953,0.0255
5.9663,-0.1726,-1.5967
5.8283,-0.0120,0.6239
6.3639,-0.0825,-0.6354
